id,product_title,release_date,artist,category,label,img_link
EPCE-5002,ファーストタイム,1998/07/08,モーニング娘。,CDアルバム,zetima,http://cdn.helloproject.com/img/release/o/97b1eb32af2ffe4a2a5d7dc180fc6b13fb338bd4.jpg
EPCE-5006,モーニング刑事。,1998/09/30,モーニング娘。&平家みちよ,CDアルバム,zetima,http://cdn.helloproject.com/img/release/o/42873b21e8249bd71719f9fb9d41e026b2740d8f.jpg
EPCE-5010,中澤ゆうこ 第一章,1998/12/12,中澤裕子,CDアルバム,zetima,http://cdn.helloproject.com/img/release/o/824daf2028d2ed0539f8835ec5898608bfcbf88d.jpg
EPCE-5017,TANPOPO 1,1999/03/31,タンポポ,CDアルバム,zetima,http://cdn.helloproject.com/img/release/o/0a378741ede857c9fa64c789a363a50a0c63c6e2.jpg
EPCE-5025,セカンドモーニング,1999/07/28,モーニング娘。,CDアルバム,zetima,http://cdn.helloproject.com/img/release/o/e2b3fa34255419af99422daba17909de8854fa5f.jpg
EPCE-5032,TAIYO＆CISCOMOON 1,1999/10/27,太陽とシスコムーン,CDアルバム,zetima,http://cdn.helloproject.com/img/release/o/816d015edb81848a07e1b216a9f74ae6d4320d8a.jpg
EPCE-5051,3rd-LOVEパラダイス-,2000/03/29,モーニング娘。,CDアルバム,zetima,http://cdn.helloproject.com/img/release/o/88c6a07192104a0614629feb50715bba193a2650.jpg
EPCE-5054,プッチベスト～黄青あか～,2000/04/26,モ−ニング娘。・プッチモニ・安倍なつみ・タンポポ・太陽とシスコム−ン・中澤ゆうこ・平家みちよ・ココナッツ娘・黄色5・青色7・あか組4,CDアルバム,zetima,http://cdn.helloproject.com/img/release/o/06730d9dcfe9f115b9978823b5c1550d53169b85.jpg
EPCE-5064,映画「ピンチランナー」オリジナル・サウンドトラック,2000/07/05,モーニング娘。,CDアルバム,zetima,http://cdn.helloproject.com/img/release/o/f2fce042f2897d4258da9e487ede1c8ff396ce3f.jpg
EPCE-5068,2nd STAGE,2000/09/27,T&Cボンバ－,CDアルバム,zetima,http://cdn.helloproject.com/img/release/o/3fb10c679028c236be0310c01876b0bd43ea0f18.jpg
EPCE-5089,ベスト!モーニング娘。1,2001/01/31,モーニング娘。,CDアルバム,zetima,http://cdn.helloproject.com/img/release/o/961f6ea275c145182125555b8d606628ba3e92c9.jpg
EPCE-5094,Together！ータンポポ・プッチ・ミニ・ゆうこー,2001/04/18,中澤ゆうこ･タンポポ･プッチモニ･ミニモニ｡,CDアルバム,zetima,http://cdn.helloproject.com/img/release/o/3d61d2f0f5a025fce92008cc94041e91724041fb.jpg
EPCE-5116,モーニング娘。のミュージカル  LOVEセンチュリー  ,2001/08/01,V.A.,CDアルバム,zetima,http://cdn.helloproject.com/img/release/o/428ef40d3782e4d5cbabc3911e7053db1fd7f5a3.jpg
PKCP-5002,FOLK SONGS,2001/11/29,市井紗耶香 with 中澤裕子,CDアルバム,PICCOLO TOWN,http://cdn.helloproject.com/img/release/o/7d275e51f30fe29646c7970518847afe6e0e0a00.jpg
PKCP-5001,ザ・童謡ポップス①クリスマスと冬のうた集,2001/11/29,V.A.,CDアルバム,PICCOLO TOWN,http://cdn.helloproject.com/img/release/o/8a9ac7403248198dc0a0b954ae581dc63866ccd4.jpg
EPCE-5129,カントリー娘。大全集①,2001/12/12,カントリー娘。,CDアルバム,zetima,http://cdn.helloproject.com/img/release/o/8a9211ff0996a38e03ccbfcf13279deab49ecc61.jpg
EPCE-5137,プッチベスト2～三・7・10～,2001/12/19,V.A.,CDアルバム,zetima,http://cdn.helloproject.com/img/release/o/45c4156ae6a38eb03c75879697fe68c2807333dd.jpg
EPCE-5136,ファースト KISS,2002/01/01,松浦亜弥,CDアルバム,zetima,http://cdn.helloproject.com/img/release/o/163d54e9b92b6b4796cad67225e9be70c465f98b.jpg
PKCP-5003,ザ・童謡ポップス②春のうた集,2002/02/20,V.A.,CDアルバム,PICCOLO TOWN,http://cdn.helloproject.com/img/release/o/e9c1fdc9bb8c2e852cb84acb03311b78ad6e3e3e.jpg
EPCE-5149,4th「いきまっしょい!」,2002/03/27,モーニング娘。,CDアルバム,zetima,http://cdn.helloproject.com/img/release/o/8ade556e843fc1ba9117564ab7017561286e03a2.jpg
PKCP-5006,FOLK SONGS 2,2002/05/22,中澤裕子/メロン記念日/松浦亜弥/石井リカ,CDアルバム,PICCOLO TOWN,http://cdn.helloproject.com/img/release/o/849e6162d5c556f2c8f4fa95761b001b214a9442.jpg
PKCP-5005,ザ・童謡ポップス③夏のうた集,2002/06/05,V.A.,CDアルバム,PICCOLO TOWN,http://cdn.helloproject.com/img/release/o/0c38a0b02adb1cd724adcfcfaa8725c475d45ef9.jpg
EPCE-5162,ミニモニ。ソング大百科1巻,2002/06/26,ミニモニ｡,CDアルバム,zetima,http://cdn.helloproject.com/img/release/o/8a6554e22c2c1d053b27a983034414862c7d8ad9.jpg
EPCE-5167,ハワイアンで聴くモーニング娘。シングルコレクション,2002/07/10,高木ブーとモ－ニング娘｡･ココナッツ娘｡･藤本美貴･石川リカ,CDアルバム,zetima,http://cdn.helloproject.com/img/release/o/e6952c2129ac894389e24a11293c7e446dbc0fd8.jpg
HKCN-50003,モーニング娘。のミュージカル モーニング・タウン オリジナルキャスト盤,2002/07/17,V.A.,CDアルバム,hachama,http://cdn.helloproject.com/img/release/o/b16e4e8b231764e7eee2dd0b549f496fff1065fb.jpg
EPCE-5172,ぜんぶ！プッチモニ,2002/08/21,プッチモニ,CDアルバム,zetima,http://cdn.helloproject.com/img/release/o/61aa3ae26fa47dcc9fa71f2b13ff77887a7dab15.jpg
EPCE-5177,All of タンポポ,2002/09/04,タンポポ,CDアルバム,zetima,http://cdn.helloproject.com/img/release/o/ea10933001d9db0f14cb98eabff8f01027238b74.jpg
PKCP-5008,ザ・童謡ポップス④秋のうた集,2002/09/04,V.A.,CDアルバム,PICCOLO TOWN,http://cdn.helloproject.com/img/release/o/42ffce39e482f860100b063161f81c162437710c.jpg
PKCP-5010,FS3 FOLK SONGS 3,2002/10/23,中澤裕子/後藤真希/藤本美貴,CDアルバム,PICCOLO TOWN,http://cdn.helloproject.com/img/release/o/6e71c2caa428493277a2b5c65a43d9ba7f9ee29a.jpg
EPCE-5193,プッチベスト3,2002/12/18,V.A.,CDアルバム,zetima,http://cdn.helloproject.com/img/release/o/22ccb39a1953aac67ae8b530dba7549c9a73cda5.jpg
EPCE-5195,T・W・O,2003/01/29,松浦亜弥,CDアルバム,zetima,http://cdn.helloproject.com/img/release/o/3419aab692a3d5abcc55f08671fafdfa022d0843.jpg
PKCP-5014,マッキングGOLD①,2003/02/05,後藤真希,CDアルバム,PICCOLO TOWN,http://cdn.helloproject.com/img/release/o/33eb019037a5b8a471e05414dc94c0111a4030c1.jpg
EPCE-5197,仔犬ダンの物語 オリジナルサウンドトラック,2003/02/14,V.A.,CDアルバム,zetima,http://cdn.helloproject.com/img/release/o/cc42298d4f8864433641c7c096f8a14519391e75.jpg
EPCE-5200,ミニモニ。THEムービー お菓子な大冒険！オリジナルサウンドトラック,2003/02/19,ミニモニ｡,CDアルバム,zetima,http://cdn.helloproject.com/img/release/o/a09cf918d61ea419eb993c893d40620b55b49089.jpg
HKCN-50009,MIKI①,2003/02/26,藤本美貴,CDアルバム,hachama,http://cdn.helloproject.com/img/release/o/56a968e18f6401ec83aa29354fe2bd295c323098.jpg
PKCP-5017,「けん＆メリーのメリケン粉オンステージ！」,2003/03/05,後藤真希,CDアルバム,PICCOLO TOWN,http://cdn.helloproject.com/img/release/o/4e5f73bf6a92d0c400dc8b2add66ddaddbf73b00.jpg
EPCE-5205,1st Anniversary,2003/03/12,メロン記念日,CDアルバム,zetima,http://cdn.helloproject.com/img/release/o/a5d61cce65f31518193de50466f74d166eac3553.jpg
EPCE-5206,No.5,2003/03/26,モーニング娘。,CDアルバム,zetima,http://cdn.helloproject.com/img/release/o/b3e8c24cbc1fc8f3ada656d8589c7cf363b13965.jpg
PKCP-5020,新作童謡ポップス 二,2003/03/26,V.A.,CDアルバム,PICCOLO TOWN,http://cdn.helloproject.com/img/release/o/1ea43ad3563a083fe45380bce4f634dbd08386d3.jpg
EPCE-2015,オサヴリオ～愛は待ってくれない～,2003/04/23,飯田圭織,CDアルバム,地中海レーベル,http://cdn.helloproject.com/img/release/o/bfa695caac2e6ff491d33fcebe47597367d5ad7a.jpg
PKCP-5021,FS4 FOLK SONGS 4,2003/05/21,V.A.,CDアルバム,PICCOLO TOWN,http://cdn.helloproject.com/img/release/o/f7d1a891b750c355d0ea7b94eaba764c7ca31440.jpg
HKCN-50011,モーニング娘。主演ミュージカル 江戸っ娘。忠臣蔵 オリジナルキャスト盤,2003/07/02,V.A.,CDアルバム,hachama,http://cdn.helloproject.com/img/release/o/b4a5519fe4e634149b81975cf13a8b07178dc88e.jpg
EPCE-2019,パラディノメ ～恋に身をゆだねて～,2003/10/22,飯田圭織,CDアルバム,地中海レーベル,http://cdn.helloproject.com/img/release/o/886725109891c298375255447fe24ea26b3e97db.jpg
EPCE-5258,プッチベスト4,2003/12/17,V.A.,CDアルバム,zetima,http://cdn.helloproject.com/img/release/o/ee2d04ca8b6fe73bd49a045fe102c530997d5ecf.jpg
EPCE-5259,×3,2004/01/01,松浦亜弥,CDアルバム,zetima,http://cdn.helloproject.com/img/release/o/884cc22d448618423464e87b13eeb276e913dd29.jpg
PKCP-5034,② ペイント イット ゴールド,2004/01/28,後藤真希,CDアルバム,PICCOLO TOWN,http://cdn.helloproject.com/img/release/o/0f128ee298b3319d0f8cc745effa7482a34039c1.jpg
HKCN-50016,一人ぼっち,2004/02/04,安倍なつみ,CDアルバム,hachama,http://cdn.helloproject.com/img/release/o/2e7b429282ec85f4801e0143771c40c8b9446071.jpg
EPCE-5265,ミニモニ。ソングズ②,2004/02/11,ミニモニ｡,CDアルバム,zetima,http://cdn.helloproject.com/img/release/o/bdcc08be9314cd353d3cab27ae56ceae6936923b.jpg
PKCP-5035,FS5 卒業,2004/02/25,V.A.,CDアルバム,PICCOLO TOWN,http://cdn.helloproject.com/img/release/o/9b8f2d5f7a8b2ee6e3808b0f52e971b68fa531ae.jpg
EPCE-5277,ベスト!モーニング娘。2,2004/03/31,モーニング娘。,CDアルバム,zetima,http://cdn.helloproject.com/img/release/o/2ceb3dd0210c76014eb264e46f6d007d8b272959.jpg
EPCE-5289,デュオ U&U,2004/06/02,W,CDアルバム,zetima,http://cdn.helloproject.com/img/release/o/f8e66e3a33140c7b37421cd6ac345fcc67e65f0c.jpg
PKCP-5043,1st 超ベリーズ,2004/07/07,Berryz工房,CDアルバム,PICCOLO TOWN,http://cdn.helloproject.com/img/release/o/8cf4b30c05217c7aa9b462d5c03f0ba927382032.jpg
EPCE-5305,第二章 ～強がり～,2004/07/22,中澤裕子,CDアルバム,zetima,http://cdn.helloproject.com/img/release/o/23047f2b740655e0c03f9f2376e42780c6fc46db.jpg
EPCE-5342,THE 二枚目,2004/12/01,メロン記念日,CDアルバム,zetima,http://cdn.helloproject.com/img/release/o/13c2ef9a6c15fbecf86e2d67cf5c32e877fb3e11.jpg
EPCE-5341,愛の第6感,2004/12/08,モーニング娘。,CDアルバム,zetima,http://cdn.helloproject.com/img/release/o/89812da9a79e40a0fe8b54f5ff6368e3f3293523.jpg
EPCE-5321,モーニング娘。EARLY SINGLE BOX ,2004/12/15,モーニング娘。,CDアルバム,zetima,http://cdn.helloproject.com/img/release/o/84d531bd35100fca939ab280120c4ce41af00120.jpg
EPCE-5340,プッチベスト 5,2004/12/22,V.A.,CDアルバム,zetima,http://cdn.helloproject.com/img/release/o/40d0ddfb445c7b0ed1922aec617464177e3dfc9b.jpg
EPCE-2030,アヴニール ～未来～,2004/12/29,飯田圭織,CDアルバム,地中海レーベル,http://cdn.helloproject.com/img/release/o/e22960d3a7aa29f4b8eca91b420874d153d177c8.jpg
PKCP-5049,3rdステーション,2005/02/23,後藤真希,CDアルバム,PICCOLO TOWN,http://cdn.helloproject.com/img/release/o/c07a692c0bc0f0562f0a29fa6f69af27eeb838ee.jpg
EPCE-5355,2nd W,2005/03/02,W,CDアルバム,zetima,http://cdn.helloproject.com/img/release/o/a6f33620bd2a899ac77fa30de9c18983e25ad032.jpg
EPCE-5362,松浦亜弥ベスト1,2005/03/24,松浦亜弥,CDアルバム,zetima,http://cdn.helloproject.com/img/release/o/1698e936d9caa812043c177eca1a440f899f18f7.jpg
PKCP-5059,スイートルームナンバー1,2005/10/26,美勇伝,CDアルバム,PICCOLO TOWN,http://cdn.helloproject.com/img/release/o/2f0cb0243b634e4d0deb3bcebfba893cd25ba07f.jpg
PKCP-5061,第②成長記,2005/11/16,Berryz工房,CDアルバム,PICCOLO TOWN,http://cdn.helloproject.com/img/release/o/0825abc8cffce06409f89d6305385101e5d5ce7a.jpg
PKCP-5062,スッペシャル！ベストミニ 〜2、5枚目の彼〜,2005/12/07,Berryz工房,CDアルバム,PICCOLO TOWN,http://cdn.helloproject.com/img/release/o/7ad928e62026127515054a73046d2447ae7504be.jpg
PKCP-5063,後藤真希 プレミアムベスト①,2005/12/14,後藤真希,CDアルバム,PICCOLO TOWN,http://cdn.helloproject.com/img/release/o/4905566a46ea9d741e77fdf2a2c786eda28db6b3.jpg
EPCE-5383,プッチベスト 6,2005/12/21,V.A.,CDアルバム,zetima,http://cdn.helloproject.com/img/release/o/a9d7c299897520eef35f1b6c196a9d2235bb6333.jpg
EPCE-2031,プラン・ダムール ～愛がいっぱい～,2005/12/21,飯田圭織,CDアルバム,地中海レーベル,http://cdn.helloproject.com/img/release/o/a3320af2ff55417e4c41bf63c41940851c2e59ad.jpg
EPCE-5387,レインボー7,2006/02/15,モーニング娘。,CDアルバム,zetima,http://cdn.helloproject.com/img/release/o/e4dd438360178df20b3f9d66806a56dc4319e4d2.jpg
HKCN-50034,2nd〜染みわたる想い〜,2006/03/29,安倍なつみ,CDアルバム,hachama,http://cdn.helloproject.com/img/release/o/452439407c5bef9150f240f26ed793052ee5c3a9.jpg
PKCP-5067,③夏夏ミニベリーズ,2006/07/05,Berryz工房,CDアルバム,PICCOLO TOWN,http://cdn.helloproject.com/img/release/o/5d3cb7de80e3f86a993e4efccb0107356f2589e4.jpg
EPCE-5415,「リボンの騎士 ザ・ミュージカル」ソング・セレクション,2006/07/26,モーニング娘。他,CDアルバム,zetima,http://cdn.helloproject.com/img/release/o/72a716269e036fb61a1f5983b547e9eca6be432a.jpg
EPCE-5421,カントリー娘。大全集②,2006/08/23,カントリー娘。,CDアルバム,zetima,http://cdn.helloproject.com/img/release/o/74109f1bc9809f6b16b1186edeb81ea037984dea.jpg
EPCE-5430,キューティークイーン VOL.1,2006/10/25,℃-ute,CDアルバム,zetima,http://cdn.helloproject.com/img/release/o/cdd6f2053200aa78bc7706c21c0c644d00cb24c7.jpg
EPCE-5440,Naked Songs,2006/11/29,松浦亜弥,CDアルバム,zetima,http://cdn.helloproject.com/img/release/o/583918bbaa59fe59d63ae9f2177e91b3626620e7.jpg
EPCE-5439,FRUITY KILLER TUNE,2006/12/06,メロン記念日,CDアルバム,zetima,http://cdn.helloproject.com/img/release/o/109d1863b0df5b3902a1d7085766defe2307c715.jpg
EPCE-5443,(7.5)冬冬モーニング娘。ミニ!,2006/12/13,モーニング娘。,CDミニアルバム,zetima,http://cdn.helloproject.com/img/release/o/498149b1224524935d2093676cdac34d33619bff.jpg
EPCE-5447,プッチベスト 7,2006/12/20,V.A.,CDアルバム,zetima,http://cdn.helloproject.com/img/release/o/7a8cc8febe71c9325dfc31d949f43dd573b0708f.jpg
EPCE-5456,☆☆☆,2007/02/28,月島きらり starring 久住小春（モーニング娘。）,CDアルバム,zetima,http://cdn.helloproject.com/img/release/o/d8add581ddfac29b993288b71da01af0e3aa000a.jpg
HKCN-50043,25〜ヴァンサンク〜,2007/03/14,安倍なつみ,CDアルバム,hachama,http://cdn.helloproject.com/img/release/o/c78867d5d19d88044796150bd46476b86f3348e8.jpg
EPCE-5458,SEXY 8 BEAT,2007/03/21,モーニング娘。,CDアルバム,zetima,http://cdn.helloproject.com/img/release/o/be870d53d647927739ea00f6562ec1155f49e15e.jpg
EPCE-5462,②mini〜生きるという力〜,2007/04/18,℃-ute,CDアルバム,zetima,http://cdn.helloproject.com/img/release/o/3b30cea17c8bfa787add98cdac87577a23b8e4a8.jpg
HKCN-50053,1stGAM～甘い誘惑～,2007/05/23,GAM,CDアルバム,hachama,http://cdn.helloproject.com/img/release/o/221dbf20573be14436f1c9379cbab33a777df91c.jpg
PKCP-5091,4th 愛のなんちゃら指数,2007/08/01,Berryz工房,CDアルバム,PICCOLO TOWN,http://cdn.helloproject.com/img/release/o/ab1dee8093dd801c2159579e6ff043b54c9ec79e.jpg
PKCP-5094,How to use SEXY,2007/09/19,後藤真希,CDアルバム,PICCOLO TOWN,http://cdn.helloproject.com/img/release/o/6f373ab15c8ff85109117e3e19b53122e8bcfac0.jpg
EPCE-5501,ダブル レインボウ,2007/10/10,松浦亜弥,CDアルバム,zetima,http://cdn.helloproject.com/img/release/o/13b006fe0ffe3a195426f8a23ac2b6531a3a4411.jpg
EPCE-5505, モーニング娘。ALL SINGLES COMPLETE 〜10th ANNIVERSARY〜,2007/10/24,モーニング娘。,CDアルバム,zetima,http://cdn.helloproject.com/img/release/o/6063a050e2439aded294886179bf360fcc37cad7.jpg
PKCP-5103,美勇伝 シングルベスト9 Vol.1 おまけつき,2007/11/21,美勇伝,CDアルバム,PICCOLO TOWN,http://cdn.helloproject.com/img/release/o/e7ae48c5d659b79ccb23dc16bf0c40ddca37fffe.jpg
EPCE-5526,メロンジュース,2007/12/12,メロン記念日,CDミニアルバム,zetima,http://cdn.helloproject.com/img/release/o/d58a7b2de50cbd8ad62d3656a67e3ee502d161dd.jpg
EPCE-5527,プッチベスト 8,2007/12/12,V.A.,CDアルバム,zetima,http://cdn.helloproject.com/img/release/o/fcf7d368f4c1c54df0951be200236c01f6d9f17d.jpg
EPCE-5528,きらりん☆ランド,2007/12/19,月島きらり starring 久住小春（モーニング娘。）,CDアルバム,zetima,http://cdn.helloproject.com/img/release/o/086ab3c1926066ea6542ace891058b424c1014a7.jpg
EPCE-5534,1st GOODSAL,2008/02/06,音楽ガッタス,CDアルバム,zetima,http://cdn.helloproject.com/img/release/o/1509499ac3de4746873a54cfe57056115d2b62d5.jpg
EPCE-5545,3rd〜LOVE エスカレーション！〜,2008/03/12,℃-ute,CDアルバム,zetima,http://cdn.helloproject.com/img/release/o/af1c5fe54d03d9b35774d1580dd1725c7db35f36.jpg
PKCP-5123,5(FIVE),2008/09/10,Berryz工房,CDアルバム,PICCOLO TOWN,http://cdn.helloproject.com/img/release/o/f7435528e246fd7aee61ee28db1be6f30858692e.jpg
EPCE-5585,COVER YOU,2008/11/26,モーニング娘。,CDアルバム,zetima,http://cdn.helloproject.com/img/release/o/fb78f301a9861660841a09ccb05630ec3673d679.jpg
EPCE-5591,Legend,2008/12/01,中澤裕子,CDアルバム,zetima,http://cdn.helloproject.com/img/release/o/aa8e5c5a8a4b4efd1c7d383e29d2eee6062c776e.jpg
EPCE-5593,タンポポ/プッチモニ メガベスト,2008/12/10,タンポポ/プッチモニ,CDアルバム,zetima,http://cdn.helloproject.com/img/release/o/00d922390eb976532e01dfc8d34b1c7f5f20d86c.jpg
EPCE-5595,太陽とシスコムーン/T&Cボンバー メガベスト,2008/12/10,太陽とシスコムーン/T&Cボンバー,CDアルバム,zetima,http://cdn.helloproject.com/img/release/o/8e428e9fd11cd9a08a81973ad4b26cfba27953e0.jpg
EPCE-5597,カントリー娘。 メガベスト,2008/12/10,カントリー娘。,CDアルバム,zetima,http://cdn.helloproject.com/img/release/o/5b7ebfad16f9d48cbb60009a0fa84a708027232b.jpg
EPCE-5600,MEGA MELON,2008/12/10,メロン記念日,CDアルバム,zetima,http://cdn.helloproject.com/img/release/o/71f5e25e1f27e5e8ddce95dc26b4b74ba53b6e8b.jpg
EPCE-5602,ハロー！プロジェクトシャッフルユニット メガベスト,2008/12/10,V.A.,CDアルバム,zetima,http://cdn.helloproject.com/img/release/o/0a071d9bae7ad106fa8f9284e6107e9630beadc4.jpg
EPCE-5590,プッチベスト 9,2008/12/10,V.A.,CDアルバム,zetima,http://cdn.helloproject.com/img/release/o/d4cd5d3460713d92c34f5e01800be789442e578b.jpg
HKCN-50070,安倍なつみ 〜Best Selection〜 15色の似顔絵たち,2008/12/10,安倍なつみ,CDアルバム,hachama,http://cdn.helloproject.com/img/release/o/5a54570e7e454300236bb4fc3af117fd02be6687.jpg
PKCP-5130,Berryz工房 スッペシャル ベスト Vol.1,2009/01/14,Berryz工房,CDアルバム,PICCOLO TOWN,http://cdn.helloproject.com/img/release/o/d49d38b6feae70d16e437aea138b2bb0ef216a20.jpg
EPCE-5611,想いあふれて,2009/01/21,松浦亜弥,CDアルバム,zetima,http://cdn.helloproject.com/img/release/o/cccb46ce6d21fa2a4e9cba64095c2a80325fa028.jpg
EPCE-5612,④ 憧れ My STAR,2009/01/28,℃-ute,CDアルバム,zetima,http://cdn.helloproject.com/img/release/o/1209910fa184fd4e88e2f08bc89b38957717a57e.jpg
EPCE-5623,ベスト☆きらり,2009/03/11,月島きらり starring 久住小春（モーニング娘。）,CDアルバム,zetima,http://cdn.helloproject.com/img/release/o/56a2ed4708705b0386d50b6b7144eb8b108be8f4.jpg
EPCE-5629,プラチナ 9 DISC,2009/03/18,モーニング娘。,CDアルバム,zetima,http://cdn.helloproject.com/img/release/o/d53ca4a1060e0147ea85e9dc798daa121ee5cb33.jpg
EPCE-5645,チャンプル1～ハッピーマリッジソングカバー集～,2009/07/15,V.A.,CDアルバム,zetima,http://cdn.helloproject.com/img/release/o/f23e80d16c08af7b9501fc605a993ae834560486.jpg
EPCE-5661,モーニング娘。全シングル カップリングコレクション,2009/10/07,モーニング娘。,CDアルバム,zetima,http://cdn.helloproject.com/img/release/o/bc6313f11ae10ef535343c41012eeb03c36c0e62.jpg
EPCE-5674,℃-uteなんです！全シングル集めちゃいましたっ！①,2009/11/18,℃-ute,CDアルバム,zetima,http://cdn.helloproject.com/img/release/o/e6a4c41ae8c40158319bf1731adb0b0a72f734a4.jpg
EPCE-5677,プッチベスト 10,2009/12/02,V.A.,CDアルバム,zetima,http://cdn.helloproject.com/img/release/o/cacaf11fd31da1a99983c786a94ad5465d340b77.jpg
HKCN-50102,FRIENDS,2009/12/16,真野恵里菜,CDアルバム,hachama,http://cdn.helloproject.com/img/release/o/c1fab4863efa9b810a1c9413b11da8cf77fafb4d.jpg
EPCE-5692,MELON'S NOT DEAD,2010/02/17,メロン記念日,CDアルバム,zetima,http://cdn.helloproject.com/img/release/o/99218848b5f93bc9dd2bf9792f84df571f247495.jpg
EPCE-5694,ショッキング5,2010/02/24,℃-ute,CDアルバム,zetima,http://cdn.helloproject.com/img/release/o/0a5a35864c31652c10517e4ad75aea614b36b8e3.jpg
EPCE-5697,⑩ MY ME,2010/03/17,モーニング娘。,CDアルバム,zetima,http://cdn.helloproject.com/img/release/o/878ad005640cc91341c07f9d92fe00c10c26a39f.jpg
PKCP-5155,6th 雄叫びアルバム,2010/03/31,Berryz工房,CDアルバム,PICCOLO TOWN,http://cdn.helloproject.com/img/release/o/1c5bb3f59ba73e3d75c515c842da030543ce196c.jpg
EPCE-5702,URA MELON,2010/04/21,メロン記念日,CDアルバム,zetima,http://cdn.helloproject.com/img/release/o/82a16e712ee91d134174b6d3e585565c54ff7e75.jpg
EPCE-5732,Click you Link me,2010/11/24,松浦亜弥,CDアルバム,zetima,http://cdn.helloproject.com/img/release/o/37438fbc854f8439c453048208eb261736f83cb2.jpg
HKCN-50145,MORE FRIENDS,2010/11/24,真野恵里菜,CDアルバム,hachama,http://cdn.helloproject.com/img/release/o/328caff4312329fc63d3a7335016d7c6e2fd32ad.jpg
EPCE-5733,Fantasy！拾壱,2010/12/01,モーニング娘。,CDアルバム,zetima,http://cdn.helloproject.com/img/release/o/823dcefca2262b52e8257dfbe11c57ed37573368.jpg
HKCN-50148,悪ガキッ①,2010/12/08,スマイレージ,CDアルバム,hachama,http://cdn.helloproject.com/img/release/o/282091319301a1748a1d4b4c39a12f3d27f73e8c.jpg
EPCE-5741,プッチベスト 11,2010/12/15,V.A.,CDアルバム,zetima,http://cdn.helloproject.com/img/release/o/fff6f39babe2c81dfb9e088c534d07b88f8428c0.jpg
PKCP-5180,⑦ Berryz タイムス,2011/03/30,Berryz工房,CDアルバム,PICCOLO TOWN,http://cdn.helloproject.com/img/release/o/e19798c90a82fbe89bf7f1ae36958f3368a46538.jpg
EPCE-5762,超WONDERFUL！⑥,2011/04/06,℃-ute,CDアルバム,zetima,http://cdn.helloproject.com/img/release/o/8bca7041f6def07474da57e1ea5dcd6dc3ab2cb4.jpg
EPCE-5774,ドリムス。①,2011/04/20,ドリームモーニング娘。,CDアルバム,zetima,http://cdn.helloproject.com/img/release/o/89ec7d42083fe107213914a7f3e62def905f25b8.jpg
EPCE-5798,partenza,2011/08/10,Buono!,CDミニアルバム,zetima,http://cdn.helloproject.com/img/release/o/be9f13e908eb16cc95a8a701514ebc7bbcad9090.jpg
EPCE-5809,"12,スマート",2011/10/12,モーニング娘。,CDアルバム,zetima,http://cdn.helloproject.com/img/release/o/2451707fff18d02a9a43833984c3daad33795b44.jpg
EPCE-5830,プッチベスト 12,2011/12/07,V.A.,CDアルバム,zetima,http://cdn.helloproject.com/img/release/o/f900cbfd62957c43947bcb37f8d42d5722fc0ce0.jpg
EPCE-5831,松浦亜弥 10TH ANNIVERSARY BEST,2011/12/21,松浦亜弥,CDアルバム,zetima,http://cdn.helloproject.com/img/release/o/7f283a4f2851c7f8b6ee2be9ae0e5c0d515cbb25.jpg
EPCE-5843,第七章「美しくってごめんね」,2012/02/08,℃-ute,CDアルバム,zetima,http://cdn.helloproject.com/img/release/o/2aebfc04069ff37e8f35a9db5661582f39a0383d.jpg
PKCP-5201,愛のアルバム⑧,2012/02/22,Berryz工房,CDアルバム,PICCOLO TOWN,http://cdn.helloproject.com/img/release/o/c44b33ec4d160786dae8adac8b6686ff0be83367.jpg
HKCN-50219,More Friends Over,2012/03/28,真野恵里菜,CDアルバム,hachama,http://cdn.helloproject.com/img/release/o/d2e61d77dba179af7b27ef64ee4836ad09926012.jpg
HKCN-50234,スマイレージ ベストアルバム完全版①,2012/05/30,スマイレージ,CDアルバム,hachama,http://cdn.helloproject.com/img/release/o/017f26df7e88ee2572d2319f71b9414bbdbe66cb.jpg
EPCE-5889,SHERBET,2012/08/22,Buono!,CDミニアルバム,zetima,http://cdn.helloproject.com/img/release/o/546d5f915ceec3db42a995f3b8cc9563d4b955ba.jpg
EPCE-5901,⑬カラフルキャラクター,2012/09/12,モーニング娘。,CDアルバム,zetima,http://cdn.helloproject.com/img/release/o/88dded3117061636c370bec8f482efa131ff66fd.jpg
EPCE-5915,②℃-ute神聖なるベストアルバム,2012/11/21,℃-ute,CDアルバム,zetima,http://cdn.helloproject.com/img/release/o/4b9f1b6896a0fd4d359322ddcb61e12f2476e9cc.jpg
EPCE-5920,プッチベスト 13,2012/12/05,V.A.,CDアルバム,zetima,http://cdn.helloproject.com/img/release/o/742c08e01f534dacbe363d7db685802ddffd6c08.jpg
PKCP-5222,Berryzマンション9階,2013/01/30,Berryz工房,CDアルバム,PICCOLO TOWN,http://cdn.helloproject.com/img/release/o/e61b65d011f205ae431a0db4fbe230c71ef4d670.jpg
HKCN-50271,BEST FRIENDS,2013/02/06,真野恵里菜,CDアルバム,hachama,http://cdn.helloproject.com/img/release/o/f6c4ed82fa22ba1b7d48be7fca58acd7042db78a.jpg
HKCN-50288,②スマイルセンセーション,2013/05/22,スマイレージ,CDアルバム,hachama,http://cdn.helloproject.com/img/release/o/855ebcc5ace5b227b753c1f6e3583e5e028e4082.jpg
EPCE-5986,⑧ Queen of J-POP,2013/09/04,℃-ute,CDアルバム,zetima,http://cdn.helloproject.com/img/release/o/d320344a8e9aaa1f8b77d3db48025a2ca18a73db.jpg
EPCE-5993,The Best！〜Updated モーニング娘。〜,2013/09/25,モーニング娘。,CDアルバム,zetima,http://cdn.helloproject.com/img/release/o/5ef4c3b473c8cdb304c494c5413ab76d14a1bc96.jpg
EPCE-7015,プッチベスト 14,2013/12/11,V.A.,CDアルバム,zetima,http://cdn.helloproject.com/img/release/o/42012a12df9a9cf7a105f65eb779825cfe91073a.jpg
UFCW-1071,ハロー!プロジェクトの全曲から集めちゃいました! Vol.2吉田豪編,2014/01/01,V.A.,アルバム,UP-FRONT WORKS,http://cdn.helloproject.com/img/release/o/fe994b3c23ca25c5db0266ac57a5c8e4e959b020.jpg
PKCP-5257,Berryz工房 スッペシャル ベスト Vol.2,2014/02/26,Berryz工房,CDアルバム,PICCOLO TOWN,http://cdn.helloproject.com/img/release/o/336d53edf3d640265b8a26ef9a60069b6e5a8540.jpg
EPCE-7034,モーニング娘。'14 カップリングコレクション2,2014/03/12,モーニング娘。'14,CDアルバム,zetima,http://cdn.helloproject.com/img/release/o/1d766845b9871a0aed1997855987ce298467fece.jpg
UFCW-1078,演劇女子部 ミュージカル LILIUMリリウム 少女純潔歌劇 オリジナルサウンドトラック,2014/08/06,モーニング娘。'14/スマイレージ,アルバム,UP-FRONT WORKS,http://cdn.helloproject.com/img/release/o/3abcbf89a04ebf19afdf89792aa77e88f50680bb.jpg
UFCW-1079,Smile...♥,2014/08/13,安倍なつみ,CDアルバム,UP-FRONT WORKS,http://cdn.helloproject.com/img/release/o/1ebf306c4ea546185baf6ea92c1c398c2100369a.jpg
EPCE-7069,14章〜The message〜,2014/10/29,モーニング娘。'14,CDアルバム,zetima,http://cdn.helloproject.com/img/release/o/9ea1355d586f8d4db769acdbf917853e785fa1f7.jpg
EPCE-7087,プッチベスト15,2014/12/10,V.A.,CDアルバム,zetima,http://cdn.helloproject.com/img/release/o/02b3de97a18a820ddb81f1b54264ae2a3232d7cc.jpg
UFCW-1092,演劇女子部 「ミュージカル 恋するハローキティ」オリジナルミニアルバム,2014/12/24,Juice=Juice,ミニアルバム,UP-FRONT WORKS,http://cdn.helloproject.com/img/release/o/17699d0dd6a6949da90bd6b6096b7ef85a7eba94.jpg
PKCP-5278,完熟Berryz工房 The Final Completion Box,2015/01/21,Berryz工房,CDアルバム,PICCOLO TOWN,http://cdn.helloproject.com/img/release/o/803a0324fc675a2b042127913117e3da0d5bb318.jpg
UFCW-1091,① Let's say “Hello!”,2015/02/18,ハロプロ研修生,CDアルバム,UP-FRONT WORKS,http://cdn.helloproject.com/img/release/o/cac79908bced211ce0ee89030e9a4718bc05081c.jpg
UFCW-1101,Dreams,2015/06/17,安倍なつみ,CDアルバム,UP-FRONT WORKS,http://cdn.helloproject.com/img/release/o/863f29091fcf23aea290aebaeaa5cc3ad97c4397.jpg
HKCN-50417,First Squeeze！,2015/07/15,Juice=Juice,CDアルバム,hachama,http://cdn.helloproject.com/img/release/o/6f7b49c327ba449056f18b0752e7c5996e109ceb.jpg
UFCW-1103,演劇女子部 ミュージカル「TRIANGLE-トライアングル-」オリジナルサウンドトラック,2015/07/15,モーニング娘。'15,CDアルバム,UP-FRONT WORKS,http://cdn.helloproject.com/img/release/o/412edca63a3eaf4be94acbd79755ebcae4d40f4c.jpg
UFCW-1106,演劇女子部 ミュージカル「サンクユーベリーベリー」オリジナルサウンドトラック,2015/10/08,つばきファクトリー,CDアルバム,UP-FRONT WORKS,http://cdn.helloproject.com/img/release/o/700bbd33216c3021583fef038338efa0982d2825.jpg
HKCN-50457,S/mileage /ANGERME SELECTION ALBUM「大器晩成」,2015/11/25,アンジュルム,CDアルバム,hachama,http://cdn.helloproject.com/img/release/o/d98abd2ec8ac310f99f4959c46fe22ceddb3594c.jpg
EPCE-7163,プッチベスト16,2015/12/16,V.A.,CDアルバム,zetima,http://cdn.helloproject.com/img/release/o/566c3302ba3895af79c2a55051882d12878bbbb9.jpg
EPCE-7158,℃maj9,2015/12/23,℃-ute,CDアルバム,zetima,http://cdn.helloproject.com/img/release/o/3e1fae3ab88fd982def864f6b49d53955baeda08.jpg
UFCW-1117,全労済ホール/スペース・ゼロ提携公演  演劇女子部「モード」 オリジナルサウンドトラック,2016/11/02,アンジュルム,CDアルバム,UP-FRONT WORKS,http://cdn.helloproject.com/img/release/o/1aae4fb37c2699ccaa3547b6982ca405cdf99c5b.jpg
EPCE-7268,辛夷其ノ壱,2016/11/30,こぶしファクトリー,CDアルバム,zetima,http://cdn.helloproject.com/img/release/o/8bfc24a045bdbc5e01ed90dc0c71a7679844c5a5.jpg
EPCE-7273,プッチベスト17,2016/12/14,V.A.,CDアルバム,zetima,http://cdn.helloproject.com/img/release/o/702e075fde86a152b68e17f0b669fa7358e0cf5a.jpg
UFCW-1121,舞台「JKニンジャガールズ」オリジナルサウンドトラック ,2017/03/29,こぶしファクトリー,CDアルバム,UP-FRONT WORKS,http://cdn.helloproject.com/img/release/o/c73b3ea7d9e21bd939124e2082a6a73c50213cb3.jpg
EPCE-7325,℃OMPLETE SINGLE COLLECTION,2017/05/03,℃-ute,CDアルバム,zetima,http://cdn.helloproject.com/img/release/o/146549b00d9b7435d09f17bced52bb3ff86e389d.jpg
PKCP-5312,嗣永桃子アイドル15周年記念アルバム♡ありがとう おとももち♡,2017/06/28,嗣永桃子,CDアルバム,PICCOLO TOWN,http://cdn.helloproject.com/img/release/o/06d7618930b63bcabe4ade326cef53ff9bd52e0d.jpg
UFCW-1123,「SAYUMINGLANDOLL〜再生〜」オリジナルサウンドトラック,2017/07/05,道重さゆみ,CDアルバム,UP-FRONT WORKS,http://cdn.helloproject.com/img/release/o/f1478cf49b4cb3478086661fc63597f88bd991ce.jpg
UFCW-1125,演劇女子部「ファラオの墓」オリジナルサウンドラック,2017/07/12,モーニング娘。'17,CDアルバム,UP-FRONT WORKS,http://cdn.helloproject.com/img/release/o/6cd1c022a2d29db13e45743edff258dcbaffee78.jpg
UFCW-1126,映画＆舞台「JKニンジャガールズ」オリジナルサウンドトラック,2017/09/06,こぶしファクトリー,CDアルバム,UP-FRONT WORKS,http://cdn.helloproject.com/img/release/o/6e0fe8028ddb01f734fc0cd8bf11f0bcd660f3e4.jpg
UFCW-1129,演劇女子部「夢見るテレビジョン」オリジナルサウンドトラック,2017/11/01,アンジュルム,CDアルバム,UP-FRONT WORKS,http://cdn.helloproject.com/img/release/o/c94574f5e20c236d41dc6d1d244f8a428b99796b.jpg
EPCE-7371,"⑮ Thank you, too",2017/12/06,モーニング娘。'17,CDアルバム,zetima,http://cdn.helloproject.com/img/release/o/d59483357289c426c4ef8ce452ba2f3d422a7955.jpg
EPCE-7374,プッチベスト18,2017/12/13,V.A.,CDアルバム,zetima,http://cdn.helloproject.com/img/release/o/c5c7abe880d80ca385887fcfe628b4510989d82a.jpg
EPCE-7387,二十歳のモーニング娘。,2018/02/07,モーニング娘。20th,CDミニアルバム,zetima,http://cdn.helloproject.com/img/release/o/1579c37668d4b864f8e90c9c927cfc577451a0c2.jpg
UFCW-1132,SAYUMINGLANDOLL～宿命～ オリジナルサウンドトラック,2018/07/04,道重さゆみ,CDアルバム,UP-FRONT WORKS,http://cdn.helloproject.com/img/release/o/a9677abade7a542a142ef14559685fdb56db2211.jpg
UFCW-1133,Rainbow×2,2018/07/11,ハロプロ研修生,CDアルバム,UP-FRONT WORKS,http://cdn.helloproject.com/img/release/o/2bc347b2b5df79653e28d1a1b2db443ddfb0cf6c.jpg
UFCW-1134,演劇女子部「ファラオの墓～蛇王・スネフェル」オリジナルサウンドトラック,2018/07/11,モーニング娘。'18,CDアルバム,UP-FRONT WORKS,http://cdn.helloproject.com/img/release/o/cfcadd896b5543ae3f12e6e3c0f4b8251ab46f8d.jpg
HKCN-50564,Juice=Juice#2 -¡Una más!-,2018/08/01,Juice=Juice,CDアルバム,hachama,http://cdn.helloproject.com/img/release/o/fe2b173b942a3111dacd342570cef16bc4e707d7.jpg
EPCE-7449,first bloom,2018/11/14,つばきファクトリー,CDアルバム,zetima,http://cdn.helloproject.com/img/release/o/0e5db79f2996e3fe229835ce269c7b63c2c3ba82.jpg
UFCW-1137,SAYUMINGLANDOLL～東京～ オリジナルサウンドトラック,2018/12/05,道重さゆみ,CDアルバム,UP-FRONT WORKS,http://cdn.helloproject.com/img/release/o/188cdd53654c9a58a1a8bbfd401a48c2080998e2.jpg
EPCE-7454,プッチベスト19,2018/12/12,V.A.,CDアルバム,zetima,http://cdn.helloproject.com/img/release/o/7870995941362bafe96f514384fce1926d0d5b9c.jpg
UFCW-1138,Seasons,2019/03/06,カントリー・ガールズ,CDミニアルバム,UP-FRONT WORKS,http://cdn.helloproject.com/img/release/o/641d5022ae6430b434ca91988f8d804a69a14dad.jpg
EPCE-7462,ベスト！モーニング娘。20th Anniversary,2019/03/20,モーニング娘。'19,CDアルバム,zetima,http://cdn.helloproject.com/img/release/o/e6c23d85b77ad6efa4da663b00cd0d6a80c49c75.jpg
HKCN-50599,"輪廻転生〜ANGERME Past, Present & Future〜",2019/05/15,アンジュルム,CDアルバム,hachama,http://cdn.helloproject.com/img/release/o/4939144ee2c1619ee4eb9ba9fd694a302789d6f7.jpg
UFCW-1140,演劇女子部「不思議の国のアリスたち」オリジナルサウンドトラック,2019/05/29,BEYOOOOONDS,CDアルバム,UP-FRONT WORKS,http://cdn.helloproject.com/img/release/o/efa705addaad668676ade556bd008a83306fade1.jpg
UFCW-1144,SAYUMINGLANDOLL～メモリアル～,2019/07/24,道重さゆみ,CDアルバム,UP-FRONT WORKS,http://cdn.helloproject.com/img/release/o/ab9b42da63841ad5d7560edb183e553dbefe30e7.jpg
EPCE-7529,辛夷第二幕,2019/10/02,こぶしファクトリー,CDアルバム,zetima,http://cdn.helloproject.com/img/release/o/09b250ec17972082c6e50201dbe5dfd202fe3825.jpg
EPCE-7543,BEYOOOOOND1St,2019/11/27,BEYOOOOONDS,CDアルバム,zetima,http://cdn.helloproject.com/img/release/o/8e5c7eb05ad2ce3e29572c2acc6dedd7a4583d04.jpg
EPCE-7548,カントリー・ガールズ大全集①,2019/12/04,カントリー・ガールズ,CDアルバム,zetima,http://cdn.helloproject.com/img/release/o/b3d821b5b6e5b9524562348fdad00aa83f902e76.jpg
EPCE-7556,プッチベスト20 2020,2020/01/08,V.A.,CDアルバム,zetima,http://cdn.helloproject.com/img/release/o/bcd85a4de4e4a31bef54125fec35856d80669b00.jpg
UFCW-1148,演劇女子部「アラビヨーンズナイト」オリジナルサウンドトラック,2020/11/11,BEYOOOOONDS,CDミニアルバム,UP-FRONT WORKS,http://cdn.helloproject.com/img/release/o/c7b0858d5a8928aa682ca35c1cc1bfae816080ac.jpg
EPCE-7619,16th～That's J-POP～,2021/03/31,モーニング娘。'21,CDアルバム,zetima,http://cdn.helloproject.com/img/release/o/66a639d9dbc42d25fdae1b873617e6d88767a039.jpg
EPCE-7622,2nd STEP,2021/05/26,つばきファクトリー,CDアルバム,zetima,http://cdn.helloproject.com/img/release/o/2521b55cf71ec999d38968df15c43798748c9d93.jpg
UFCW-1154,SAYUMINGLANDOLL～SAYUTOPIA～,2021/09/01,道重さゆみ,CDアルバム,UP-FRONT WORKS,http://cdn.helloproject.com/img/release/o/03e943fe0f5619b88e3ef9e7b4379fe9178967ec.jpg
UFCW-1155,3-STARS,2021/09/29,ハロプロ研修生,CDアルバム,UP-FRONT WORKS,http://cdn.helloproject.com/img/release/o/8d1ef2d50afd0c28563f3c7fdc980eb73dff99da.jpg
EPCE-7646,bon voyage！〜 risa covers 〜,2021/12/15,小片リサ,CDアルバム,zetima,http://cdn.helloproject.com/img/release/o/31ef621c40fa310b27c5a643a1269ca62b1c8790.jpg
UFCW-1156,演劇女子部「図書館物語～3つのブックマーク～」 オリジナルサウンドトラック,2021/12/22,ハロプロ研修生,CDミニアルバム,UP-FRONT WORKS,http://cdn.helloproject.com/img/release/o/d8643fb63095ccd8a65c153fb27741a308b1cded.jpg
HKCN-50712,terzo,2022/04/20,Juice=Juice,CDアルバム,hachama,http://cdn.helloproject.com/img/release/o/1331d1fbe8bed25ae2a3ddbfca524e897fee4e3a.jpg
EPCE-7674,ラフ・アンド・ピース,2022/04/27,高橋愛・田中れいな・夏焼雅,CDアルバム,zetima,http://cdn.helloproject.com/img/release/o/9cf1c8822a75acd605af6f8d9c74f881a34e9198.jpg
EPCE-7702,BEYOOOOO2NDS,2022/09/28,BEYOOOOONDS,CDアルバム,zetima,http://cdn.helloproject.com/img/release/o/1c0472c15a5b4bbe91d16d99ec39bddf8f3a90c4.jpg
HKCN-50727,ヒトリトイロ,2022/10/12,宮本佳林,CDアルバム,hachama,http://cdn.helloproject.com/img/release/o/286d8ccc3ea7ae5f6b4427f8d7ab45d991d6a9d2.jpg
UFCW-1157,演劇女子部「ビヨサイユ宮殿」オリジナルサウンドトラック,2022/12/07,BEYOOOOONDS,CDミニアルバム,UP-FRONT WORKS,http://cdn.helloproject.com/img/release/o/d6ce83e701f38d9e7660bdb75a010e5f886c350b.jpg
HKCN-50750,BIG LOVE,2023/03/22,アンジュルム,CDアルバム,hachama,http://cdn.helloproject.com/img/release/o/2d713876ea1119cd21d14ab07aae263ccbfd2b61.jpg
