songID,varID,lyrics_writer,song_writer,arranger
1,1,サエキけんぞう,桜井鉄太郎,桜井鉄太郎
1,2,サエキけんぞう,桜井鉄太郎,鈴木俊介
1,3,サエキけんぞう,桜井鉄太郎,鈴木俊介
2,1,つんく,はたけ,はたけ
3,1,まこと,はたけ,はたけ
4,1,つんく,つんく,高橋諭一
4,2,つんく,つんく,鈴木俊介
4,3,つんく,つんく,米光亮
4,4,つんく,つんく,桜井鉄太郎
4,5,つんく/ラップ詞:下町兄弟,つんく,下町兄弟
4,6,つんく,つんく,高橋諭一
4,7,つんく,つんく,高橋諭一
4,8,つんく,つんく,平田祥一郎
4,9,つんく,つんく,鈴木俊介
5,1,RICHARD CARPENTER、JOHN BETTIS (訳詞：まこと),RICHARD CARPENTER、JOHN BETTIS,はたけ
6,1,まこと,はたけ,はたけ
7,1,加藤紀子,はたけ,はたけ
8,1,まこと,はたけ,はたけ
9,1,まこと,はたけ,はたけ
10,1,岩谷時子,宮川泰,馬飼野康二/田中直
11,1,まこと,はたけ,はたけ
12,1,愛絵理,はたけ,はたけ
13,1,,はたけ,
14,1,とみたきょうこ,はたけ,はたけ
15,1,つんく,つんく,前嶋康明
15,2,つんく,つんく,BANANAICE
15,3,つんく,つんく,米光亮
15,4,つんく,つんく,前嶋康明
15,5,つんく,つんく,前嶋康明
16,1,つんく,つんく,高橋諭一
17,1,牧穂エミ,はたけ,はたけ
18,1,まこと,はたけ,はたけ
19,1,つんく,つんく,前嶋康明
20,1,つんく,つんく,高橋諭一 (ブラスアレンジ：森宣之)
21,1,つんく,つんく,前嶋康明
22,1,狩野亜希子,つんく,黒尾俊介
23,1,つんく,つんく,今井了介
23,2,つんく,つんく,今井了介
24,1,つんく,つんく,高橋諭一
25,1,つんく,つんく,前嶋康明
26,1,荒木とよひさ,堀内孝雄,川村栄二
27,1,たきのえいじ,堀内孝雄,今泉敏郎
28,1,つんく,つんく,前嶋康明
28,2,つんく,つんく,前嶋康明
28,3,つんく,つんく,前嶋康明
28,4,つんく,つんく,前嶋康明
28,5,つんく,つんく,前嶋康明
28,6,つんく,つんく,前嶋康明
29,1,つんく,つんく,須藤豪、LH Project
30,1,牧穂エミ,はたけ,はたけ
30,2,牧穂エミ,はたけ,はたけ
31,1,つんく,つんく,前嶋康明
32,1,つんく,つんく,須藤豪
33,1,つんく,つんく,山内薫
34,1,牧穂エミ,はたけ,はたけ
35,1,牧穂エミ,はたけ,はたけ
36,1,つんく,つんく,小西貴雄、LH Project
36,2,つんく,つんく,小西貴雄、LH Project
36,3,つんく,つんく,WMPTARMIGAN
36,4,つんく,つんく,小西貴雄、LH Project
36,5,つんく,つんく,小西貴雄
37,1,つんく,つんく,高橋諭一、LH Project
38,1,荒木とよひさ,平尾昌晃,船山基紀
39,1,荒木とよひさ,平尾昌晃,船山基紀
40,1,つんく,つんく,川口真
41,1,山上路夫,猪俣公章,船山基紀
41,2,山上路夫,猪俣公章,船山基紀
42,1,つんく,小室等,小西貴雄
43,1,荒木とよひさ,三木たかし,信田かずお
44,1,荒木とよひさ,堀内孝雄,船山基紀
45,1,林春生,ザ・ベンチャーズ,船山基紀
47,1,竹内まりや,竹内まりや,船山基紀
48,1,石原信一,篠原義彦,川口真
49,1,つんく,つんく,前嶋康明
49,2,つんく,つんく,前嶋康明
49,3,つんく,つんく,前嶋康明
50,1,つんく,つんく,小西貴雄
51,1,つんく,つんく,小西貴雄
51,2,つんく,つんく,小西貴雄
51,3,つんく,つんく,小西貴雄
52,1,牧穂エミ,はたけ,はたけ
53,1,牧穂エミ,はたけ,はたけ
54,1,つんく,つんく,河野伸
54,2,つんく,つんく,河野伸
55,1,つんく,つんく,小西貴雄
56,1,つんく,つんく,鈴木俊介
57,1,つんく,つんく,河野伸
58,1,つんく,つんく,小西貴雄
59,1,つんく,つんく,鈴木俊介
60,1,つんく,つんく,小西貴雄
61,1,つんく,つんく,小西貴雄
61,2,つんく,つんく,小西貴雄
61,3,つんく,つんく,小西貴雄
61,4,つんく,つんく,小西貴雄
62,1,つんく,つんく,小西貴雄
63,1,つんく,つんく,小西貴雄、下町兄弟
63,2,つんく,つんく,小西貴雄、下町兄弟
63,3,つんく,つんく,小西貴雄、下町兄弟
64,1,つんく,つんく,小西貴雄、下町兄弟
65,1,つんく,つんく,河野伸
65,2,つんく,つんく,河野伸
65,3,つんく,つんく,米光亮
65,4,つんく,つんく,河野伸
65,5,つんく,つんく,河野伸
65,6,つんく,つんく,河野伸
65,7,つんく,つんく,河野伸
65,8,つんく,つんく,河野伸
66,1,つんく,つんく,小西貴雄
66,2,つんく,つんく,小西貴雄
67,1,荒木とよひさ,堀内孝雄,船山基紀
68,1,荒木とよひさ,堀内孝雄,船山基紀
69,1,つんく,つんく,山内薫
70,1,つんく,つんく,松原憲
70,2,つんく,つんく,松原憲
70,3,つんく,つんく,松原憲
70,4,つんく,つんく,松原憲
71,1,つんく,つんく,ツルノリヒロ
71,2,つんく,つんく,米光亮
71,3,つんく,つんく,米光亮
71,4,つんく,つんく,WMPTARMIGAN
71,5,つんく,つんく,小西貴雄
71,6,つんく,つんく,鈴木俊介
71,7,つんく,つんく,小西貴雄
71,8,つんく,つんく,ツルノリヒロ
71,9,つんく,つんく,ツルノリヒロ
71,10,つんく,つんく,ツルノリヒロ
71,11,つんく,つんく,ツルノリヒロ
71,12,つんく,つんく,ツルノリヒロ
71,13,つんく,つんく,ツルノリヒロ
72,1,つんく,つんく,小西貴雄、下町兄弟
73,1,つんく,つんく,前嶋康明
73,2,つんく,つんく,前嶋康明
74,1,森高千里,つんく,前嶋康明
76,1,つんく,つんく,前嶋康明
77,1,つんく,つんく,鈴木俊介
78,1,つんく,つんく,前嶋康明
79,1,つんく,つんく,和田春彦
80,1,つんく,つんく,河野伸
81,1,つんく,つんく,河野伸
81,2,つんく,つんく,河野伸
81,3,つんく,つんく,河野伸
81,4,つんく,つんく,河野伸
82,1,平家みちよ,はたけ,はたけ
83,1,平家みちよ,はたけ,はたけ
84,1,AKA$AKA,真田カオル,真田カオル
85,1,AKA$AKA,真田カオル,真田カオル
86,1,つんく,つんく,河野伸
86,2,つんく,つんく,河野伸
87,1,つんく (英訳：Lynne Hobday),つんく,村山晋一郎
87,2,つんく (英訳：Lynne Hobday),つんく,村山晋一郎
88,1,つんく,つんく,村山晋一郎
88,2,つんく,つんく,村山晋一郎
88,3,つんく,つんく,村山晋一郎
89,1,つんく,つんく,ダンス☆マン
89,2,つんく,つんく,ダンス☆マン
89,3,つんく,つんく,ダンス☆マン
89,4,つんく,つんく,米光亮
89,5,つんく,つんく,WMPTARMIGAN
89,6,つんく,つんく,ダンス☆マン
89,7,つんく,つんく,アカペラアレンジ：杉田篤史(INSPi)
89,8,つんく,つんく,平田祥一郎
90,1,つんく,つんく,鈴木俊介
91,1,つんく,つんく,村山晋一郎
91,2,つんく,つんく,村山晋一郎
91,3,つんく,つんく,村山晋一郎
91,4,つんく,つんく,村山晋一郎
92,1,つんく,つんく,Koichi Matsumoto、Toshiyuki Matsumoto
93,1,つんく,つんく,小西貴雄
93,2,つんく,つんく,小西貴雄
93,3,つんく,つんく,小西貴雄
93,4,つんく,つんく,小西貴雄
93,5,つんく,つんく,小西貴雄
93,6,つんく,つんく,小西貴雄
93,7,つんく,つんく,小西貴雄
93,8,つんく,つんく,小西貴雄
93,9,つんく,つんく,小西貴雄
93,10,つんく,つんく,小西貴雄
94,1,,つんく,つんく
95,1,,つんく,つんく
96,1,つんく,つんく,BYE II 3
97,1,つんく,つんく,下町兄弟
98,1,,つんく,つんく
99,1,つんく,つんく,鈴木俊介
100,1,,つんく,つんく
101,1,つんく,つんく,U.M.E.D.Y.
102,1,つんく,つんく,松原憲
102,2,つんく,つんく,松原憲
102,3,つんく,つんく,松原憲
103,1,,つんく,つんく
104,1,AKA$AKA,真田カオル,真田カオル
105,1,AKA$AKA,真田カオル,真田カオル
106,1,つんく,つんく,松原憲
106,2,つんく,つんく,松原憲
106,3,つんく,つんく,松原憲
106,4,つんく,つんく,WMPTARMIGAN
106,5,つんく,つんく,松原憲
106,6,つんく,つんく,松原憲
107,1,つんく,つんく,小西貴雄
108,1,森高千里,つんく,高橋諭一
109,1,森高千里,つんく,高橋諭一
110,1,つんく,つんく,小西貴雄、下町兄弟
110,2,つんく,つんく,小西貴雄、下町兄弟
110,3,つんく,つんく,小西貴雄、下町兄弟
110,4,つんく,つんく,小西貴雄、下町兄弟
111,1,つんく,つんく,ダンス☆マン
111,2,つんく,つんく,ダンス☆マン
111,3,つんく,つんく,ダンス☆マン
111,4,つんく,つんく,ダンス☆マン
111,5,つんく,つんく,米光亮
112,1,つんく,つんく,山木隆一郎
113,1,つんく,つんく,棚橋UNA信仁
114,1,つんく,つんく,高橋諭一
115,1,つんく,つんく,小西貴雄
115,2,つんく,つんく,小西貴雄
115,3,つんく,つんく,小西貴雄
115,4,つんく,つんく,小西貴雄
115,5,つんく,つんく,小西貴雄
115,6,つんく,つんく,小西貴雄
116,1,つんく,つんく,前嶋康明
116,2,つんく,つんく,前嶋康明
116,3,つんく,つんく,前嶋康明
116,4,つんく,つんく,前嶋康明
116,5,つんく,つんく,前嶋康明
117,1,つんく,つんく,河野伸
117,2,つんく,つんく,河野伸
117,3,つんく,つんく,河野伸
118,1,つんく,つんく,松原憲
119,1,つんく,つんく,前嶋康明
120,1,つんく,つんく,小西貴雄
121,1,つんく,つんく,高橋諭一
121,2,つんく,つんく,高橋諭一
122,1,つんく,つんく,BACK Ya-Low PRODUCTION
123,1,つんく,つんく,ダンス☆マン
123,2,つんく,つんく,ダンス☆マン
123,3,つんく,つんく,WMPTARMIGAN
124,1,つんく,つんく,鈴木俊介
124,2,つんく,つんく,鈴木俊介
125,1,つんく,つんく,山内薫
126,1,つんく (Rapアレンジ：U.M.E.D.Y.),つんく,鈴木俊介
127,1,つんく,つんく,ダンス☆マン (ホーンアレンジ：川松久芳)
128,1,つんく,つんく,前嶋康明
129,1,つんく,つんく,河野伸
129,2,つんく,つんく,河野伸
130,1,つんく,つんく,高橋諭一
131,1,坂口照幸,曽根幸明,竜崎孝路
132,1,麻こよみ,大谷明裕,竜崎孝路
133,1,まこと、つんく,つんく,高橋諭一
133,2,まこと、つんく,つんく,高橋諭一
134,1,つんく,つんく,和田春彦
135,1,つんく,つんく,河野伸
135,2,つんく,つんく,河野伸
135,3,つんく,つんく,河野伸
136,1,つんく,つんく,ダンス☆マン (ホーンアレンジ：川松久芳)
136,2,つんく,つんく,米光亮
136,3,つんく,つんく,ダンス☆マン (ホーンアレンジ：川松久芳)
137,1,つんく,つんく,AKIRA
138,1,つんく,つんく,前嶋康明
139,1,つんく,つんく,高橋諭一
140,1,三佳千夏,真田カオル,真田カオル
141,1,AKA$AKA,真田カオル,真田カオル
142,1,つんく,つんく,河野伸
143,1,つんく,つんく,鈴木俊介
144,1,つんく,つんく,永井ルイ
144,2,つんく,つんく,永井ルイ
145,1,つんく,つんく,前嶋康明
146,1,つんく,つんく,高橋諭一
147,1,つんく,つんく,上杉洋史
148,1,つんく,つんく,松原憲
149,1,つんく,つんく,鈴木俊介
150,1,つんく,つんく,河野伸
150,2,つんく,つんく,河野伸
151,1,つんく,つんく,前嶋康明
152,1,つんく,つんく,小西貴雄
153,1,つんく,つんく,高橋諭一
153,2,つんく,つんく,高橋諭一
154,1,つんく,つんく,高橋諭一
155,1,つんく,つんく,AKIRA
156,1,つんく,つんく,鈴木俊介
157,1,つんく,つんく,河野伸
157,2,つんく,つんく,米光亮
157,3,つんく,つんく,河野伸
157,4,つんく,つんく,河野伸
158,1,つんく,つんく,AKIRA
159,1,平家みちよ,はたけ,はたけ
160,1,つんく,つんく,河野伸
161,1,つんく,つんく,AKIRA
162,1,つんく,つんく,鈴木俊介
163,1,つんく,つんく,松原憲
164,1,つんく,つんく,高橋諭一
167,1,つんく,つんく,SATOSHI HIDAKA
167,2,つんく,つんく,SATOSHI HIDAKA
168,1,つんく,つんく,つんく
169,1,つんく,つんく,つんく
170,1,つんく,つんく,ダンス☆マン
170,2,つんく,つんく,ダンス☆マン
170,3,つんく,つんく,ダンス☆マン
170,4,つんく,つんく,米光亮
170,5,つんく,つんく,WMPTARMIGAN
170,6,つんく,つんく,ダンス☆マン
170,7,つんく,つんく,ダンス☆マン
170,8,つんく,つんく,ダンス☆マン
170,9,つんく,つんく,平田祥一郎
171,1,つんく,つんく,鈴木俊介 (ブラスアレンジ：小林正弘)
172,1,まこと,つんく,上杉洋史
173,1,まこと,つんく,上杉洋史
174,1,つんく,つんく,小西貴雄
174,2,つんく,つんく,小西貴雄
174,3,つんく,つんく,WMPTARMIGAN
175,1,つんく,つんく,永井ルイ
176,1,つんく,つんく,小西貴雄
176,2,つんく,つんく,小西貴雄
176,3,つんく,つんく,小西貴雄
177,1,つんく,つんく,河野伸
178,1,つんく,つんく,AKIRA
2237,1,つんく,つんく,野村義男
2238,1,,,
2239,1,つんく,つんく,米光亮
2240,1,,,
2241,1,つんく,つんく,米光亮
2242,1,,,
2243,1,つんく,つんく,米光亮
2244,1,,,
2245,1,つんく,つんく,
2246,1,,,
179,1,つんく,つんく,米光亮
180,1,,,
2247,1,つんく,つんく,野村義男
2248,1,,,
2249,1,つんく,つんく,野村義男
2250,1,,,
2251,1,つんく,つんく,米光亮
2252,1,,,
2253,1,つんく,つんく,米光亮
2254,1,,,
181,1,つんく,つんく,小西貴雄
182,1,中澤ゆうこ、つんく,つんく,樫原伸彦
183,1,つんく,つんく,渡部チェル
183,2,つんく,つんく,WMPTARMIGAN
183,3,つんく,つんく,渡部チェル
183,4,つんく,つんく,渡部チェル
183,5,つんく,つんく,渡部チェル
183,6,つんく,つんく,渡部チェル
183,7,つんく,つんく,渡部チェル
184,1,つんく,つんく,高橋諭一
185,1,つんく,つんく,小西貴雄
185,2,つんく,つんく,小西貴雄
186,1,つんく,つんく,高橋諭一
187,1,つんく,つんく,船山基紀
188,1,つんく,つんく,高橋諭一
189,1,つんく,つんく,鈴木Daichi秀行
189,2,つんく,つんく,鈴木Daichi秀行
189,3,つんく,つんく,鈴木Daichi秀行
190,1,つんく,つんく,高橋諭一
191,1,つんく,つんく,AKIRA
192,1,つんく,つんく,つんく、セブンHOUSE
192,2,つんく,つんく,つんく、セブンHOUSE
193,1,つんく,つんく,たいせー
194,1,つんく,つんく,小西貴雄、つんく
195,1,つんく,つんく,高橋諭一
195,2,つんく,つんく,高橋諭一
195,3,つんく,つんく,高橋諭一
196,1,つんく,つんく,鈴木俊介
197,1,つんく,つんく,渡部チェル
198,1,つんく,つんく,高橋諭一、つんく
199,1,新堂敦士,つんく,高橋諭一
200,1,つんく,つんく,小西貴雄
201,1,つんく,つんく,高橋諭一
201,2,つんく,つんく,高橋諭一
201,3,つんく,つんく,高橋諭一
201,4,つんく,つんく,高橋諭一
202,1,つんく,つんく,hasie
203,1,つんく,つんく,高橋諭一
203,2,つんく,つんく,高橋諭一
203,3,つんく,つんく,高橋諭一
204,1,つんく,つんく,ダンス☆マン (ホーンアレンジ：川松久芳)
204,2,つんく,つんく,ダンス☆マン (ホーンアレンジ：川松久芳)
204,3,つんく,つんく,米光亮
204,4,つんく,つんく,WMPTARMIGAN
204,5,つんく,つんく,大久保薫
204,6,つんく,つんく,ダンス☆マン (ホーンアレンジ：川松久芳)
205,1,つんく,つんく,鈴木俊介
205,2,つんく,つんく,鈴木俊介
205,3,つんく,つんく,鈴木俊介
205,4,つんく,つんく,鈴木俊介
206,1,つんく,つんく,前嶋康明
207,1,つんく,つんく,高橋諭一
208,1,つんく,つんく,高橋諭一
210,1,つんく,つんく,小西貴雄
211,1,つんく,つんく,高橋諭一
212,1,つんく,つんく,高橋諭一
213,1,つんく,つんく,小西貴雄
214,1,つんく,つんく,前嶋康明
215,1,つんく,つんく,前嶋康明
216,1,つんく,つんく,高橋諭一
217,1,つんく,つんく,高橋諭一
218,1,つんく,つんく,高橋諭一
219,1,つんく,つんく,高橋諭一
220,1,つんく,つんく,小西貴雄
221,1,つんく,つんく,小西貴雄
222,1,つんく,つんく,小西貴雄
223,1,つんく,つんく,小西貴雄
224,1,つんく,つんく,前嶋康明
225,1,つんく,つんく,高橋諭一
226,1,つんく,つんく,明石昌夫
227,1,つんく,つんく,米光亮
228,1,つんく,つんく,鈴木Daichi秀行
229,1,つんく,つんく,松原憲
230,1,つんく,つんく,渡部チェル
230,2,つんく,つんく,渡部チェル
230,3,つんく,つんく,渡部チェル
230,4,つんく,つんく,渡部チェル
230,5,つんく,つんく,渡部チェル
230,6,つんく,つんく,渡部チェル
230,7,つんく,つんく,渡部チェル
231,1,つんく,つんく,鈴木俊介
232,1,つんく,つんく,小西貴雄
233,1,つんく,つんく,小西貴雄
234,1,つんく,つんく,AKIRA
234,2,つんく,つんく,AKIRA
234,3,つんく,つんく,AKIRA
235,1,つんく,つんく,鈴木Daichi秀行
236,1,新堂敦士、つんく,新堂敦士,team124
236,2,新堂敦士、つんく,新堂敦士,team124
237,1,新堂敦士,新堂敦士,小西貴雄
238,1,つんく,つんく,高橋諭一
238,2,つんく,つんく,高橋諭一
239,1,つんく,つんく,鈴木俊介 (ブラスアレンジ：小林正弘)
239,2,つんく,つんく,鈴木俊介 (ブラスアレンジ：小林正弘)
239,3,つんく,つんく,鈴木俊介 (ブラスアレンジ：小林正弘)
240,1,つんく,つんく,河野伸
241,1,つんく,つんく,小西貴雄
242,1,つんく,つんく,松本零士
243,1,つんく,つんく,酒井ミキオ
243,2,つんく,つんく,WMPTARMIGAN
243,3,つんく,つんく,酒井ミキオ
244,1,つんく,つんく,高橋諭一
245,1,つんく,つんく,永井ルイ
246,1,つんく,つんく,鈴木Daichi秀行
247,1,つんく,つんく,小西貴雄
248,1,つんく,つんく,高橋諭一
248,2,つんく,つんく,高橋諭一
249,1,訳詞:音羽たかし,J.S.ピエールポント,鶴由雄
250,1,訳詞:新田宣夫,J.マークス,山尾正人
251,1,訳詞:水野汀子,G.オートリー,渡辺美佳久保寛一郎
252,1,訳詞:油井圭三,チェコスロヴァキア民謡,山尾正人
253,1,訳詞:小林純一郎,S.ネルソン,渡辺美佳久保寛一郎
254,1,訳詞:タカオカンベ,J.F.クーツ,山尾正人
255,1,訳詞:漣健児,T.コーナー,河野雅昭
256,1,訳詞:中山知子,I.バーリン,山尾正人
257,1,訳詞:高田三九三,イギリス民謡,熊田豊
258,1,賛美歌112番,G.F.ヘンデル,山尾正人
259,1,,文部省唱歌,河野雅昭
260,1,東くめ,滝廉太郎,山尾正人
261,1,千家尊福,上真行,鶴由雄
262,1,,文部省唱歌,山尾正人
263,1,訳詞:由木康,F.グルーバー,鶴由雄
264,1,小薗江圭子,森山良子,たいせー
265,1,落合武司,西岡たかし,高橋諭一
266,1,細野敦子,江波戸憲和,高橋諭一
267,1,荒井由実,荒井由実,たいせー
268,1,岡村孝子,岡村孝子,たいせー
268,2,岡村孝子,岡村孝子,たいせー
269,1,浜口庫之助,浜口庫之助,たいせー
270,1,中島みゆき,中島みゆき,高橋諭一
272,1,谷村新司,堀内孝雄,たいせー
273,1,伊勢正三,伊勢正三,たいせー、高橋諭一
273,2,伊勢正三,伊勢正三,たいせー、高橋諭一
274,1,寺山修司,田中未知,たいせー
275,1,こじまいづみ,こじまいづみ,高橋諭一
276,1,北山修,加藤和彦,高橋諭一
277,1,相沢靖子,早川義夫,高橋諭一
278,1,山上路夫,村井邦彦,たいせー
279,1,つんく,つんく,渡部チェル
280,1,つんく,つんく,渡部チェル
281,1,つんく,新堂敦士,高橋諭一
282,1,新堂敦士,新堂敦士,Sho-1
283,1,まこと、つんく,つんく,23's
283,2,まこと、つんく,つんく,23's
284,1,まこと,つんく,松尾和博
286,1,まこと,つんく,高橋諭一
288,1,つんく,つんく,鈴木俊介
289,1,つんく,つんく,hasie&koji
290,1,つんく,つんく,河野伸
290,2,つんく,つんく,河野伸
290,3,つんく,つんく,河野伸
290,4,つんく,つんく,河野伸
290,5,つんく,つんく,河野伸
290,6,つんく,つんく,河野伸
290,7,つんく,つんく,河野伸
290,8,つんく,つんく,河野伸
290,9,つんく,つんく,河野伸
291,1,つんく,つんく,鈴木俊介 (ストリングスアレンジ：村山達哉)
292,1,つんく,つんく,小西貴雄
293,1,つんく,つんく,高橋諭一
294,1,つんく,つんく,鈴木俊介
295,1,つんく,つんく,小西貴雄
295,2,つんく,つんく,WMPTARMIGAN
296,1,つんく,つんく,酒井ミキオ
297,1,つんく,つんく,高橋諭一
298,1,つんく,つんく,松尾和博
300,1,新堂敦士,新堂敦士,小西貴雄
301,1,日本語詞:ペギー葉山/作詞:OscarHammersteinⅡ,RichardRodgers,山尾正人
302,1,高野辰之,岡野貞一,渡辺美佳久保寛一郎
303,1,近藤宮子,井上武士,山尾正人
304,1,サトウハチロー,河村光陽,山尾正人
305,1,高野辰之,岡野貞一,樫原伸彦
306,1,加藤省吾,海沼実,山尾正人
307,1,,日本古謡,渡辺美佳久保寛一郎
308,1,武島羽衣,滝廉太郎,前嶋康明
309,1,,文部省唱歌,鈴木Daichi秀行
310,1,訳詞:野村秋足稲垣千穎,スペイン民謡,河野雅昭
311,1,,文部省唱歌,山尾正人
312,1,つんく,つんく,高橋諭一
313,1,訳詞:馬場祥弘,アメリカ民謡,山尾正人
314,1,海野厚,中山晋平,山尾正人
315,1,,文部省唱歌,渡辺美佳久保寛一郎
316,1,つんく,つんく,ダンス☆マン
316,3,つんく,つんく,大久保薫
317,1,もりちよこ,五木ひろし,竜崎孝路
318,1,仁井谷俊也,浜圭介,今泉敏郎
319,1,つんく,つんく,鈴木Daichi秀行
320,1,つんく,つんく,鈴木俊介
321,1,つんく,つんく,ダンス☆マン
322,1,つんく,つんく,AKIRA
323,1,つんく,つんく,鈴木俊介
324,1,つんく,つんく,小西貴雄
324,2,つんく,つんく,WMPTARMIGAN
325,1,つんく,つんく,前嶋康明
326,1,つんく,つんく,ダンス☆マン (ホーンアレンジ：川松久芳)
327,1,つんく,つんく,高橋諭一
328,1,つんく,つんく,小西貴雄
328,2,つんく,つんく,小西貴雄
329,1,つんく,つんく,鈴木Daichi秀行
330,1,朝長浩之,たかしまあきひこ,小西貴雄
331,1,つんく,つんく,鈴木Daichi秀行
331,2,つんく,つんく,鈴木Daichi秀行
332,1,つんく,つんく,小西貴雄
332,2,つんく,つんく,小西貴雄
332,3,つんく,つんく,WMPTARMIGAN
332,4,つんく,つんく,小西貴雄
333,1,つんく,つんく,酒井ミキオ
334,1,さいとう大三,馬飼野俊一,高橋諭一
334,2,さいとう大三,馬飼野俊一,高橋諭一
335,1,中山千夏,都倉俊一,熊田豊
336,1,後藤悦治郎,浦野直,たいせー
337,1,五輪真弓,五輪真弓,高橋諭一
338,1,北山修,端田宣彦、坂庭省悟,熊田豊
339,1,大瀧詠一,大瀧詠一,たいせー
340,1,荒井由実,荒井由実,熊田豊
342,1,尾崎亜美,尾崎亜美,たいせー
342,2,尾崎亜美,尾崎亜美,たいせー
343,1,玉城千春,玉城千春,高橋諭一
344,1,吉田拓郎,吉田拓郎,高橋諭一
345,1,松本隆,筒美京平,高橋諭一
346,1,喜多条忠,南こうせつ,高橋諭一
348,1,水野幸代,日向敏文,たいせー
349,1,寺島尚彦,寺島尚彦,高橋諭一
350,1,つんく,つんく,鈴木Daichi秀行
350,2,つんく,つんく,高橋諭一 (ストリングスアレンジ：村山達哉)
350,3,つんく,つんく,鈴木Daichi秀行
351,1,つんく,つんく,松本零士
352,1,相田裕美,宇野誠一郎,ab:fly
353,1,武内俊子,河村光陽,山尾正人
354,1,額賀誠志,平井康三郎,古池孝浩
355,1,北原白秋,中山晋平,樫原伸彦
356,1,,文部省唱歌,河野雅昭
357,1,訳詞:岡本敏明,ドイツ民謡,山尾正人
358,1,権藤はなよ補作詞:林柳波,下総一,米光亮
359,1,鶴見正夫,湯山昭,河野雅昭
360,1,やなせ・たかし,いずみたく,古池孝浩
361,1,伊藤アキラ,森田公一,山尾正人
362,1,林柳波,井上武士,米光亮
363,1,まきみのり,峯陽,ab:fly
364,1,,文部省唱歌,山尾正人
366,1,江間章子,中田喜直,米光亮
367,1,つんく,つんく,松原憲
368,1,つんく,つんく,松尾和博
369,1,つんく,つんく,渡部チェル
370,1,つんく,つんく,高橋諭一
371,1,つんく,つんく,ab:fly (ブラスアレンジ：河野伸)
372,1,新堂敦士,新堂敦士,ab:fly
374,1,つんく,つんく,鈴木俊介
375,1,つんく,つんく,石塚知生
376,1,つんく,つんく,小西貴雄
376,2,つんく,つんく,小西貴雄
377,1,つんく,つんく,小西貴雄
378,1,つんく,つんく,山尾正人
380,1,つんく,つんく,小西貴雄
381,2,つんく,つんく,SHO-1
382,2,つんく,つんく,鈴木Daichi秀行
384,1,,つんく,渡部チェル
386,1,つんく,つんく,酒井ミキオ
387,1,つんく,つんく,上杉洋史
388,1,つんく,つんく,高橋諭一
389,1,つんく,つんく,高橋諭一
390,1,つんく,つんく,鈴木俊介
391,1,つんく,つんく,鈴木Daichi秀行
393,1,つんく,つんく,山尾正人
394,1,つんく,つんく,小西貴雄
395,1,つんく,つんく,渡部チェル
396,1,つんく,つんく,鈴木Daichi秀行
397,1,つんく,つんく,鈴木俊介
398,1,つんく,つんく,鈴木Daichi秀行
399,1,つんく,つんく,鈴木Daichi秀行
400,1,つんく,つんく,渡部チェル
401,1,つんく,つんく,渡部チェル
403,1,つんく,つんく,鈴木Daichi秀行
403,2,つんく,つんく,鈴木Daichi秀行
403,3,つんく,つんく,鈴木Daichi秀行
404,1,つんく,つんく,渡部チェル
405,1,つんく,つんく,小西貴雄
406,1,つんく,つんく,鈴木俊介
408,1,つんく,つんく,鈴木Daichi秀行
408,2,つんく,つんく,鈴木Daichi秀行
410,1,つんく,つんく,酒井ミキオ
410,2,つんく,つんく,酒井ミキオ
412,1,つんく,つんく,高橋諭一
414,1,つんく,つんく,渡部チェル
415,1,つんく,つんく,小西貴雄
416,1,つんく,つんく,山尾正人
417,1,つんく,つんく,小西貴雄
418,1,つんく,つんく,高橋諭一
420,1,つんく,つんく,鈴木Daichi秀行
420,2,つんく,つんく,鈴木Daichi秀行
420,3,つんく,つんく,WMPTARMIGAN
421,1,つんく,つんく,TATOO
422,1,つんく,つんく,小西貴雄
423,1,つんく,つんく,小西貴雄
426,1,つんく,つんく,小西貴雄
427,1,つんく,つんく,小西貴雄
428,1,つんく,つんく,前嶋康明
428,2,つんく,つんく,前嶋康明
429,1,つんく,つんく,河野伸
430,1,つんく,つんく,高橋諭一
431,1,つんく,つんく,高橋諭一
432,1,つんく,つんく,永井ルイ
433,1,野坂昭如/補作詞:吉岡治,越部信義,山尾正人
434,1,薩摩忠,小林秀雄,樫原伸彦
435,1,三木露風,山田耕筰,樫原伸彦
436,1,斎藤信夫,海沼実,山尾正人
437,1,巽聖歌,渡辺茂,樫原伸彦
438,1,文部省唱歌,文部省唱歌,山尾正人
439,1,1.2番:青木存義/3.4番:荒木とよひさ,梁田貞,ab:fly
440,1,サトウハチロー,中田喜直,ヲノサトル
441,1,野口雨情,本居長世,樫原伸彦
442,1,文部省唱歌,文部省唱歌,河野雅昭
443,1,文部省唱歌,文部省唱歌,山尾正人
444,1,高野辰之,岡野貞一,湯浅公一
445,1,中村雨江,草川 信,山尾正人
446,1,不詳/訳詞:阪田寛夫(2.3番),イギリス民謡,ab:fly
447,1,訳詞:犬童球渓,J.P.オードウェイ,ヲノサトル
448,1,高野辰之,岡野貞一,樫原伸彦
449,1,つんく,つんく,上杉洋史
449,2,つんく,つんく,上杉洋史
450,1,つんく,つんく,花田裕之
451,1,つんく,つんく,鈴木Daichi秀行
452,1,つんく,つんく,河野伸
453,1,つんく,つんく,永井ルイ (リズムトラックアレンジ：DJ DRAGON)
454,1,つんく,つんく,鈴木俊介
455,1,荒井由実,荒井由実,矢野博康
456,1,つんく,つんく,平田祥一郎
457,1,尾崎亜美,尾崎亜美,前嶋康明
458,1,久保田広子,榊原政敏,上野雅和
459,1,武田鉄矢,千葉和臣,熊田豊
460,1,小坂明子,小坂明子,たいせー
461,1,井上陽水、忌野清志郎,井上陽水、忌野清志郎,前嶋康明
462,1,山口洋子,内藤法美,たいせー
463,1,阿久悠,森田公一,熊田豊
463,2,阿久悠,森田公一,熊田豊
464,1,北山修,端田宣彦,たいせー
465,1,別役実,小室等,熊田豊
466,1,吉田拓郎,吉田拓郎,高橋諭一
467,1,小坂恭子,小坂恭子,高橋諭一
468,1,仲井戸麗市,仲井戸麗市,上野雅和
469,1,北山修,加藤和彦,高橋諭一
470,1,つんく,つんく,鈴木俊介
470,2,つんく,つんく,鈴木俊介
470,3,つんく,つんく,鈴木俊介
470,4,つんく,つんく,鈴木俊介
470,5,つんく,つんく,鈴木俊介
470,6,つんく,つんく,鈴木俊介
470,7,つんく,つんく,鈴木俊介
470,8,つんく,つんく,
471,1,つんく,つんく,鈴木俊介
472,1,つんく,つんく,鈴木Daichi秀行 (ストリングスアレンジ：弦一徹)
472,2,つんく,つんく,鈴木Daichi秀行 (ストリングスアレンジ：弦一徹)
472,3,つんく,つんく,鈴木Daichi秀行 (ストリングスアレンジ：弦一徹)
473,1,つんく,つんく,高橋諭一
474,1,つんく,つんく,鈴木Daichi秀行
475,1,つんく,つんく,TATOO
476,1,つんく,つんく,酒井ミキオ
476,2,つんく,つんく,酒井ミキオ
477,1,つんく,つんく,AKIRA
477,5,つんく,つんく,UZA
477,6,つんく,つんく,朝井泰生
478,1,つんく,つんく,小西貴雄
479,1,つんく,つんく,渡部チェル
480,1,今井千尋,つんく,ab:fly
481,1,小椋佳,小椋佳,米光亮
482,1,荒木とよひさ,今井千尋,山尾正人
483,1,KAN,KAN,米光亮
484,1,三浦徳子,つんく,ab:fly
485,1,まこと,こーじ,山尾正人
486,1,つんく,つんく,鶴由雄
487,1,荒木とよひさ,堀内孝雄,米光亮
488,1,新堂敦士,今井千尋,大久保薫
489,1,今井千尋,こーじ,鶴由雄
490,1,たきのえいじ,五木ひろし,米光亮
491,1,伊藤大介,伊藤大介,米光亮
492,1,まこと,新堂敦士,樫原伸彦
493,1,もりちよこ,新堂敦士,山尾正人
494,1,つんく,つんく,山尾正人
495,1,つんく,つんく,ダンス☆マン
496,1,つんく,つんく,高橋諭一
497,1,加藤和枝,つんく,鈴木Daichi秀行 (ストリングスアレンジ：弦一徹)
497,2,加藤和枝,つんく,鈴木Daichi秀行 (ストリングスアレンジ：弦一徹)
498,1,つんく,つんく,高橋諭一
499,1,つんく,つんく,高橋諭一
500,1,つんく,つんく,高橋諭一
501,1,つんく,つんく,小西貴雄
502,1,サルバト－レ・アダモ (訳詞：岩谷時子),サルバト－レ・アダモ,高橋諭一
502,2,サルバト－レ・アダモ (訳詞：岩谷時子),サルバト－レ・アダモ,高橋諭一
502,3,サルバト－レ・アダモ (訳詞：岩谷時子),サルバト－レ・アダモ,高橋諭一
503,1,岩谷時子,弾厚作,高橋諭一
504,1,つんく,つんく,高橋諭一
505,1,つんく,つんく,酒井ミキオ
506,1,つんく,つんく,小西貴雄
507,1,つんく,つんく,鈴木俊介
508,1,つんく,つんく,高橋諭一
509,1,つんく,つんく,小西貴雄
510,1,つんく,つんく,河野伸
511,1,つんく,つんく,湯浅公一
512,1,つんく,つんく,鈴木俊介
513,1,つんく,つんく,AKIRA
514,1,つんく,つんく,高橋諭一
515,1,つんく,つんく,鈴木Daichi秀行
516,1,つんく,つんく,鈴木Daichi秀行
517,1,つんく,つんく,鈴木Daichi秀行
517,2,つんく,つんく,鈴木Daichi秀行
518,1,つんく,つんく,AKIRA
519,1,つんく,つんく,TATOO
519,2,つんく,つんく,TATOO
520,1,つんく,つんく,酒井ミキオ
521,1,つんく,つんく,渡部チェル
522,1,まど・みちお,渡辺茂,-
524,1,井上ひさし、山元譲久,宇野誠一郎,小西貴雄
524,2,井上ひさし、山元譲久,宇野誠一郎,小西貴雄
525,1,つんく,つんく,鈴木俊介
526,1,つんく,つんく,渡部チェル
527,1,つんく,つんく,鈴木俊介
527,2,つんく,つんく,鈴木俊介
528,1,つんく,つんく,AKIRA
529,1,つんく,つんく,鈴木Daichi秀行
530,1,つんく,つんく,高橋諭一
531,1,つんく,つんく,小西貴雄
531,2,つんく,つんく,小西貴雄
532,1,つんく,つんく,小西貴雄
532,2,つんく,つんく,小西貴雄
533,1,つんく,つんく,小西貴雄
534,1,つんく,つんく,小西貴雄
534,2,つんく,つんく,湯浅公一
535,1,つんく,つんく,小西貴雄
536,1,つんく,つんく,小西貴雄
536,2,つんく,つんく,湯浅公一
537,1,つんく,つんく,小西貴雄
538,1,つんく,つんく,小西貴雄
539,1,つんく,つんく,小西貴雄
539,2,つんく,つんく,小西貴雄
540,1,つんく,つんく,鈴木俊介
540,2,つんく,つんく,鈴木俊介
541,1,つんく,つんく,鈴木俊介
542,1,つんく,つんく,AKIRA
543,1,つんく,つんく,高橋諭一
543,2,つんく,つんく,高橋諭一
544,1,つんく,つんく,小西康陽
545,1,つんく,つんく,鈴木俊介
546,1,つんく,つんく,鈴木Daichi秀行
547,1,つんく,つんく,山村哲也
548,1,つんく,つんく,
549,1,つんく,つんく,守尾崇
550,1,つんく,つんく,渡部チェル
551,1,つんく,つんく,ダンス☆マン
552,1,つんく,つんく,鈴木俊介
553,1,つんく,つんく,酒井ミキオ
554,1,つんく,つんく,河野伸
555,1,三浦徳子,伊藤大介,米光亮
556,1,たきのえいじ,今井千尋,米光亮
558,1,もりちよこ,たいせー,樫原伸彦
559,1,小椋佳,つんく,ab:fly
561,1,つんく,こーじ,米光亮
562,1,KAN,五木ひろし,米光亮
563,1,まこと,今井千尋,ab:fly
564,1,まこと,新堂敦士,山尾正人
565,1,新堂敦士,はたけ,鶴由雄
566,1,今井千尋,こーじ,山尾正人
567,1,荒木とよひさ,新堂敦士,米光亮
568,1,つんく,小椋佳,鶴由雄
569,1,今井千尋,堀内孝雄,ab:fly
571,1,つんく,つんく,高橋諭一
572,1,Eleni Zioga,Evanthia Reboutsika,前野知常
573,1,Norman Gimbel (仏詞：Jacques DEMY),Michel LEGRAND,前野知常
574,1,Vinicius de Moraes (仏詞：Eddy Marnay),Antonio Carlos Jobin,前野知常
575,1,Serge Gainsbourg,Serge Gainsbourg,前野知常
577,1,Georges Aber,Tony Hotch,前野知常
578,1,Vito PALLAVINCINI,Gino MESCOLI,前野知常
579,1,Maurice Vidalin,Jacwues Datin,前野知常
580,1,Roger Dumas,Jean-Jacques Debout,前野知常
581,1,Edith Piaf,Louiguy,前野知常
582,1,つんく,つんく,鈴木Daichi秀行 (ストリングスアレンジ：弦一徹)
583,1,つんく,小室等,小西貴雄
584,1,つんく,小室等,小西貴雄
585,1,つんく,つんく,鈴木Daichi秀行
586,1,つんく,つんく,SHO-1
588,1,高木麻早,高木麻早,矢野博康
589,1,久保田早紀,久保田早紀,たいせー
591,1,さだまさし,さだまさし,矢野博康
591,2,さだまさし,さだまさし,矢野博康
592,1,伊勢正三,伊勢正三,たいせー
593,1,岡本おさみ,吉田拓郎,高橋諭一
594,1,財津和夫,財津和夫,朝井泰生
595,1,伊勢正三,伊勢正三,朝井泰生
596,1,荒井由実,荒井由実,矢野博康
597,1,藤田敏雄,佐藤勝,高橋諭一
598,1,馬場祥弘,馬場祥弘,たいせー、高橋諭一
599,1,つんく,つんく,渡部チェル
600,1,つんく,つんく,小西貴雄
601,1,つんく,つんく,鈴木Daichi秀行
602,1,つんく,つんく,鈴木俊介
603,1,つんく,つんく,鈴木Daichi秀行
603,2,つんく,つんく,鈴木Daichi秀行
604,1,つんく,つんく,SHO-1
605,1,つんく,つんく,小西貴雄
605,2,つんく,つんく,小西貴雄
607,1,つんく,つんく,小西貴雄
608,1,つんく,つんく,米光亮
611,1,つんく,つんく,米光亮
613,1,つんく,つんく,小西貴雄
614,1,つんく,つんく,河合英嗣
615,1,つんく,つんく,鶴由雄
618,1,つんく,つんく,河合英嗣
619,1,つんく,つんく,米光亮
620,1,つんく,つんく,鈴木Daichi秀行
620,2,つんく,つんく,鈴木Daichi秀行
621,1,つんく,つんく,鈴木Daichi秀行
621,2,つんく,つんく,鈴木Daichi秀行
621,3,つんく,つんく,鈴木Daichi秀行
622,1,つんく,つんく,高橋諭一
622,2,つんく,つんく,高橋諭一
623,1,つんく,つんく,守尾崇
624,1,さいとう大三,田尾将実,竜崎孝路、金沢重徳
625,1,上田紅葉,田尾将実,竜崎孝路
626,1,つんく,つんく,守尾崇
626,2,つんく,つんく,守尾崇
627,1,つんく,つんく,高橋諭一
627,2,つんく,つんく,Remix:田中直
628,1,つんく,つんく,鈴木俊介
629,1,つんく,つんく,河野伸
629,2,つんく,つんく,河野伸
630,1,つんく,つんく,小西貴雄
631,1,つんく,つんく,高橋諭一
632,1,つんく,つんく,AKIRA
633,1,つんく,つんく,AKIRA
634,1,つんく,つんく,鈴木Daichi秀行
635,1,つんく,つんく,鈴木Daichi秀行
636,1,つんく,つんく,高橋諭一
637,1,つんく,つんく,上杉洋史
638,1,つんく,つんく,鈴木俊介
639,1,つんく,つんく,鈴木Daichi秀行
639,2,つんく,つんく,鈴木Daichi秀行
640,1,つんく,つんく,鈴木俊介 (ストリングスアレンジ：村山達哉)
641,1,つんく,つんく,高橋諭一
642,1,つんく,つんく,田中直
643,1,つんく,つんく,AKIRA
644,1,Lefteris Papadopoulos,Nikos Antypas,前野知常
645,1,Eddy Marnay,Emile Stern,前野知常
646,1,Michael Wilshaw (仏詞：Pierre Delanoe),Michael A.Deighan,前野知常
647,1,Tasoula Thomaidou,REMI KLEINSTEIN、YAIR LAPID,前野知常
648,1,Serge Gainsbourg,Isabelle Adjani,前野知常
649,1,Guido Cenciarelli,Roberto Di Napoli,前野知常
650,1,Albert Testa,Piero Soffici,前野知常
651,1,Lefteris Papadopoulos,Nikos Antypas,前野知常
652,1,Mario PANZER,NISA、NIcola SALERNO,前野知常
653,1,不詳,不詳,前野知常
654,1,つんく,つんく,湯浅公一 (ストリングスアレンジ：CHIKA)
655,1,つんく,つんく,湯浅公一
656,1,つんく,つんく,鈴木Daichi秀行
656,2,つんく,つんく,鈴木Daichi秀行
657,1,つんく,つんく,鈴木Daichi秀行
658,1,つんく,つんく,平田祥一郎
659,1,つんく,たいせー,湯浅公一
660,1,つんく,つんく,高橋諭一
662,1,つんく,つんく,高橋諭一
663,1,つんく,つんく,高橋諭一
664,1,つんく,つんく,守尾崇
665,1,つんく,つんく,高橋諭一
666,1,つんく,つんく,平田祥一郎
667,1,つんく,つんく,鈴木Daichi秀行
668,1,つんく,つんく,河野伸
669,1,つんく,つんく,河野伸
669,2,つんく,つんく,河野伸
670,1,つんく,つんく,鈴木俊介
671,1,つんく,つんく,河野伸
672,1,つんく,つんく,高橋諭一
673,1,つんく,つんく,AKIRA
674,1,つんく,つんく,鈴木Daichi秀行
675,1,上田紅葉,川口真,小西貴雄
676,1,上田紅葉,川口真,小西貴雄
677,1,つんく,つんく,小西貴雄
678,1,つんく,つんく,鈴木俊介
679,1,つんく,つんく,AKIRA
680,1,つんく,つんく,前嶋康明
681,1,つんく,つんく,朝井泰生
682,1,つんく,つんく,棚橋UNA信二
683,1,つんく,つんく,鈴木Daichi秀行
684,1,つんく,つんく,鈴木俊介
685,1,つんく,つんく,小西貴雄
686,1,つんく,つんく,鈴木Daichi秀行
688,1,つんく,つんく,高橋諭一
689,1,三浦徳子,つんく,前野知常
690,1,つんく,つんく,前野知常
691,1,つんく,つんく,Remix:田中直
693,1,つんく,つんく,小西貴雄
694,1,つんく,つんく,AKIRA
696,1,つんく,つんく,Remix:平田祥一郎
697,1,つんく,つんく,Remix:平田祥一郎
698,1,上田紅葉,川口真,高橋諭一
699,1,つんく,つんく,小西貴雄
700,1,阿木燿子,鈴木キサブロー,矢野博康
701,1,松本隆,呉田軽穂,高橋諭一
702,1,谷村新司,谷村新司,矢野博康
705,1,みどりこ,飯田清澄,和田春彦
706,1,PAUL SIMON,PAUL SIMON,矢野博康
707,1,PAUL SIMON、ARTHER GARTFUNKEL,PAUL SIMON、ARTHER GARTFUNKEL,たいせー
708,1,金子詔一,金子詔一,前野知常
709,1,つんく,つんく,橋本由香利
711,1,忌野清志郎,肝沢幅一,竹中文一
712,1,つんく,つんく,鈴木俊介
713,1,つんく,つんく,高橋諭一
714,1,つんく,つんく,AKIRA
714,2,つんく,つんく,AKIRA
714,3,つんく,つんく,AKIRA
714,4,つんく,つんく,AKIRA
714,5,つんく,つんく,AKIRA
715,1,つんく,つんく,守尾崇
716,1,谷村新司,谷村新司,小島久政
717,1,谷村新司,谷村新司,小島久政
718,1,つんく,つんく,平田祥一郎
719,1,つんく,つんく,馬飼野康二
719,2,つんく,つんく,馬飼野康二
720,1,つんく,つんく,小西貴雄
721,1,つんく,つんく,高橋諭一
722,1,つんく,つんく,鈴木Daichi秀行
723,1,つんく,つんく,鈴木Daichi秀行
724,1,つんく,つんく,AKIRA
725,1,つんく,つんく,高橋諭一
726,1,つんく,つんく,高橋諭一
727,1,つんく,つんく,鈴木俊介
727,2,つんく,つんく,鈴木俊介
728,1,つんく,つんく,鈴木Daichi秀行
729,1,岩谷時子,宮川泰,鈴木Daichi秀行
730,1,Franco Migliacci (訳詞：千家春),Bruno Defilippi,鈴木Daichi秀行
731,1,Ira Kosloff、Irving Reid、Tony Springer (訳詞：音羽たかし),Ira Kosloff、Irving Reid、Tony Springer,高橋諭一
732,1,つんく,つんく,平田祥一郎
732,2,つんく,つんく,平田祥一郎
733,1,つんく,つんく,田中直
734,1,つんく,つんく,鈴木俊介
735,1,つんく,つんく,高橋諭一
736,1,阿久悠,都倉俊一,渡部チェル
737,1,秋元康,後藤次利,湯浅公一
738,1,北山修,加藤和彦,高橋諭一
740,1,及川眠子,尾関昌也,清水俊也
741,1,石原信一,あかのたちお,朝井泰生
742,1,阿久悠,都倉俊一,朝井泰生
742,2,阿久悠,都倉俊一,朝井泰生
743,1,さいとう大三,筒美京平,朝井泰生
744,1,松本隆,森田公一,酒井ミキオ
745,1,売野雅勇,井上大輔,市川淳
746,1,川島だりあ,川島だりあ,渡部チェル
747,1,Michael De San Antonio、Michal Nigro Pierre (訳詞：森雪之丞),Mario Giuseppe Nigro,ラフ＆ピース
747,2,Michael De San Antonio / Pierre Michel Nigro,Mario Giuseppe Nigro,前山田健一
748,1,Bunny Botkin、Gilbert A Garfield、Pat Murtagh (訳詞：音羽たかし、水島哲),Ludwig Van Beethoven,高橋諭一
749,1,つんく,つんく,鈴木Daichi秀行
750,1,つんく,つんく,湯浅公一
751,1,助川和子,中島安敏,鈴木Daichi秀行
752,1,つんく,つんく,鈴木Daichi秀行
753,1,つんく,つんく,田中直
754,1,つんく,つんく,鈴木俊介
754,2,つんく,つんく,鈴木俊介
755,1,つんく,つんく,高橋諭一
756,1,つんく,つんく,湯浅公一
757,1,つんく,つんく,米光亮
758,1,つんく,つんく,平田祥一郎
759,1,つんく,つんく,小西貴雄
760,1,つんく,はたけ,西田昌史
761,1,つんく,はたけ,鈴木俊介
762,1,つんく,つんく,渡部チェル
763,1,つんく,つんく,平田祥一郎
764,1,つんく,つんく,鈴木Daichi秀行 (ブラスアレンジ：竹上良成)
764,2,つんく,つんく,鈴木Daichi秀行 (ブラスアレンジ：竹上良成)
764,3,つんく,つんく,鈴木Daichi秀行 (ブラスアレンジ：竹上良成)
764,4,つんく,つんく,鈴木Daichi秀行 (ブラスアレンジ：竹上良成)
764,5,つんく,つんく,鈴木Daichi秀行
765,1,つんく,つんく,小西貴雄
767,1,つんく,つんく,湯浅公一
768,1,三浦徳子,つんく,馬飼野康二
769,1,三浦徳子,つんく,馬飼野康二
770,1,つんく,つんく,鈴木俊介
771,1,つんく,つんく,高橋諭一
772,1,つんく,つんく,中野定博
773,1,つんく,つんく,鈴木Daichi秀行
774,1,つんく,つんく,平田祥一郎
775,1,つんく,つんく,守尾崇
776,1,つんく,つんく,鈴木俊介
777,1,湯川れい子,はたけ,鈴木Daichi秀行
778,1,つんく,つんく,鈴木俊介
779,1,田形美喜子,吉川慶,馬飼野康二
780,1,峰崎林二郎,花岡優平,馬飼野康二
781,1,つんく,つんく,鈴木Daichi秀行
781,2,つんく,つんく,鈴木Daichi秀行
782,1,つんく,つんく,AKIRA
782,2,つんく,つんく,AKIRA
783,1,つんく,つんく,高橋諭一
783,2,つんく,つんく,高橋諭一、田中直
784,1,つんく,つんく,鈴木Daichi秀行
785,1,森高千里,斉藤英夫,高橋諭一
785,2,森高千里,斉藤英夫,馬飼野康二
786,1,つんく,つんく,平田祥一郎
787,1,つんく,今井千尋,鈴木俊介
788,1,つんく,つんく,高橋諭一
789,1,つんく,つんく,鈴木俊介
790,1,つんく,つんく,AKIRA
791,1,つんく,つんく,平田祥一郎
792,1,つんく,つんく,平田祥一郎
793,1,つんく,たいせー,鈴木Daichi秀行
794,1,つんく,つんく,AKIRA
795,1,つんく,つんく,田中直
796,1,つんく,つんく,鈴木Daichi秀行
797,1,三浦徳子,たいせー,たいせー
799,1,今井千尋,今井千尋,鈴木俊介
800,1,牧穂エミ,はたけ,K-MUTO
801,1,まこと,はたけ,K-MUTO
802,1,さいとういんこ,たいせー,矢野博康
803,1,まこと、つんく,たいせー,小西貴雄
804,1,つんく,つんく,鈴木Daichi秀行
805,1,つんく,つんく,高橋諭一
806,1,つんく,つんく,平田祥一郎
807,1,つんく,つんく,高橋諭一
808,1,つんく,つんく,馬飼野康二
809,1,つんく,つんく,鈴木俊介
809,2,つんく,つんく,鈴木俊介
809,3,つんく,つんく,鈴木俊介
809,4,つんく,つんく,鈴木俊介
810,1,つんく,つんく,平田祥一郎
811,1,つんく,つんく,高橋諭一
812,1,つんく,つんく,橋本由香利
813,1,つんく,つんく,湯浅公一
813,2,つんく,つんく,湯浅公一
814,1,つんく,つんく,湯浅公一
815,1,つんく,つんく,渡部チェル
817,1,佐藤純子,Rie,前野知常
818,1,飯田圭織,芦沢和則,前野知常
819,1,渡辺なつみ,芦沢和則,前野知常
820,1,渡辺なつみ,金田一郎,前野知常
821,1,並河祥太,羽場仁志,前野知常
822,1,岩里祐穂,たいせー,前野知常
823,1,岩里祐穂,松尾清憲,前野知常
824,1,佐藤純子,芦沢和則,前野知常
825,1,岩里祐穂,羽場仁志,前野知常
826,1,佐藤純子,因幡晃,前野知常
827,1,つんく,つんく,松原憲
828,1,つんく,つんく,鈴木俊介
829,1,なかにし礼,すぎやまこういち,馬飼野康二
830,1,岩谷時子,宮川泰,馬飼野康二/田中直
831,1,つんく,つんく,湯浅公一
833,1,つんく,今井千尋,小西貴雄、鈴木Daichi秀行
834,1,太田善也,和田俊輔,稲垣大助/和田俊輔
835,1,つんく,つんく,平田祥一郎
836,1,つんく,つんく,高橋諭一
837,1,つんく,つんく,田中直
838,1,つんく,つんく,鈴木Daichi秀行、ニューロティカ
839,1,つんく,つんく,平田祥一郎
840,1,つんく,つんく,高橋諭一
842,1,つんく,つんく,AKIRA
843,1,つんく,つんく,田中直
844,1,つんく,つんく,平田祥一郎
845,1,つんく,つんく,高橋諭一
846,1,つんく,つんく,AKIRA
847,1,つんく,つんく,高橋諭一
848,1,つんく,つんく,鈴木俊介
849,1,,,
850,1,阿久悠,森田公一,平田祥一郎
851,1,G.calabrese (訳詞：音羽たかし),U.Rindi,鈴木俊介
852,1,つんく,つんく,渡部チェル
853,1,つんく,つんく,馬飼野康二
853,2,つんく,つんく,馬飼野康二
853,3,つんく,つんく,馬飼野康二
854,1,つんく,つんく,鈴木Daichi秀行
855,1,つんく,つんく,平田祥一郎
856,1,つんく,つんく,ツルノリヒロ
857,1,つんく,つんく,鈴木Daichi秀行
858,1,つんく,つんく,高橋諭一
859,1,つんく,つんく,AKIRA
860,1,つんく,つんく,AKIRA
861,1,角田崇徳、斉藤未悠,角田崇徳,角田崇徳
862,1,森村メラ,JOEY CARBONE、STEVEN LEE,MOTO
863,1,つんく,つんく,平田祥一郎
864,1,つんく,つんく,橋本由香利
865,1,三浦徳子,つんく,高橋諭一
866,1,つんく,つんく,鈴木Daichi秀行
867,1,つんく,つんく,前嶋康明
868,1,つんく,KAN,鈴木俊介
869,1,つんく,つんく,AKIRA
870,1,つんく,つんく,鈴木Daichi秀行
871,1,つんく,つんく,AKIRA
872,1,つんく,つんく,小西貴雄
873,1,つんく,つんく,橋本由香利
874,1,三浦徳子,つんく,平田祥一郎
875,1,つんく,つんく,鈴木Daichi秀行
876,1,BULGE,BULGE,BULGE
876,2,BULGE,BULGE,BULGE
876,3,BULGE,BULGE,BULGE
876,4,BULGE,BULGE,BULGE
877,1,BULGE,たいせー,たいせー
878,1,森村メラ,JOEY CARBONE、STEVEN LEE,MOTO G3
879,1,森村メラ,JOEY CARBONE、STEVEN LEE,MOTO G3
880,1,つんく,つんく,鈴木Daichi秀行/名越由貴夫
882,1,つんく,つんく,安部潤、平田祥一郎
883,1,つんく,つんく,鈴木俊介
884,1,つんく,つんく,平田祥一郎
884,2,つんく,つんく,平田祥一郎
884,3,つんく,つんく,平田祥一郎
884,4,つんく,つんく,平田祥一郎
885,1,,,
886,1,つんく,つんく,平田祥一郎
887,1,つんく,つんく,鈴木Daichi秀行
888,1,つんく,つんく,AKIRA
889,1,つんく,つんく,田中直
890,1,つんく,つんく,高橋諭一
891,1,つんく,つんく,鈴木俊介
892,1,,,
894,1,つんく,つんく,鈴木Daichi秀行
895,1,,つんく,湯浅公一
896,1,つんく,つんく,田中直
897,1,つんく,つんく,平田祥一郎
898,1,つんく,つんく,平田祥一郎
899,1,つんく,つんく,松下典由
900,1,つんく,つんく,鈴木俊介
901,1,,つんく,湯浅公一
902,1,つんく,つんく,高橋諭一
902,2,つんく,つんく,高橋諭一
903,1,つんく,つんく,小西貴雄
904,1,浅田直,浅田直,上杉洋史
904,2,浅田直,浅田直,上杉洋史
905,1,浅田直,浅田直,宮永治郎
906,1,つんく,つんく,鈴木Daichi秀行
906,2,つんく,つんく,鈴木Daichi秀行
907,1,つんく,つんく,鈴木俊介
908,1,佐藤純子,小西貴雄,小西貴雄
909,1,佐藤純子,山田直穀,信田かずお
910,1,園田凌士,安部純,前野知常
914,1,BLUGE,千葉純治、石塚裕美,前野知常
915,1,山田太一,芦沢和則,信田かずお
916,1,BLUGE,BLUGE,前野知常
917,1,牧穂エミ,羽場仁志,信田かずお
918,1,中村望,中村望,前野知常
919,1,佐藤純子,佐藤純子,信田かずお
920,1,つんく,つんく,鈴木俊介
921,1,つんく,はたけ,田中直
922,1,森村メラ,JoeyCarbone&KyokoNitta,斎藤悠弥/ホーンアレンジ:竹上良成
923,1,つんく,JoeyCarbone＆DennisBelfield,朝井泰生
924,1,つんく,つんく,AKIRA
925,1,つんく,つんく,鈴木Daichi秀行
926,1,つんく,つんく,AKIRA
927,1,つんく,つんく,高橋諭一
928,1,つんく,つんく,大久保薫
929,1,つんく,つんく,平田祥一郎
930,1,つんく,つんく,鈴木俊介
931,1,つんく,つんく,高橋諭一
932,1,つんく,つんく,高橋諭一
933,1,つんく,つんく,鈴木Daichi秀行
934,1,つんく,つんく,湯浅公一
934,2,つんく,つんく,湯浅公一
935,1,つんく,つんく,AKIRA
936,1,つんく,つんく,橋本由香利
937,1,つんく,つんく,平田祥一郎
938,1,つんく,つんく,和田春彦
939,1,つんく,つんく,大久保薫
940,1,つんく,つんく,高橋諭一
941,1,つんく,つんく,橋本由香利
942,1,つんく,つんく,高橋諭一
943,1,つんく,,
944,1,BULGE,BULGE,和田春彦
945,1,榎土敦之,川口進,矢野博康
946,1,つんく,つんく,高橋諭一
946,2,つんく,つんく,高橋諭一
947,1,つんく,つんく,平田祥一郎
948,1,つんく,つんく,鈴木Daichi秀行
949,1,つんく,つんく,鈴木Daichi秀行
949,2,つんく,つんく,鈴木Daichi秀行
950,1,つんく,つんく,平田祥一郎
951,1,つんく,つんく,AKIRA
952,1,上田ケンジ,田中秀典,高橋諭一
952,2,上田ケンジ,田中秀典,宮永治郎
952,3,上田ケンジ,田中秀典,宮永治郎
952,4,上田ケンジ,田中秀典,高橋諭一
952,5,上田ケンジ,田中秀典,高橋諭一
952,6,上田ケンジ,田中秀典,高橋諭一
953,1,すやまちえこ,吉田勝弥,宮永治郎
954,1,つんく,つんく,湯浅公一
955,1,木村信司,つんく,鈴木俊介
956,1,森高千里,斉藤英夫,上野圭市 (ホーンアレンジ：竹上良成)
956,2,森高千里,斉藤英夫,上野圭市 (ホーンアレンジ：竹上良成)
956,3,森高千里,斉藤英夫,上野圭市 (ホーンアレンジ：竹上良成)
957,1,つんく,つんく,橋本由香利
958,1,つんく,つんく,橋本由香利
959,1,つんく,つんく,高橋諭一
959,2,つんく,つんく,高橋諭一
960,1,古屋真,織田哲郎,家原正樹
961,1,michito,織田哲郎,後藤康二
962,1,星野哲郎,榊薫人,南郷達也
963,1,峰崎林二郎,榊薫人,南郷達也
964,1,木村信司,甲斐正人,甲斐正人
965,1,木村信司,甲斐正人,甲斐正人
966,1,木村信司,甲斐正人,甲斐正人
967,1,木村信司,甲斐正人,甲斐正人
967,2,木村信司,甲斐正人,甲斐正人
967,3,木村信司,甲斐正人,甲斐正人
968,1,木村信司,甲斐正人,甲斐正人
969,1,木村信司,甲斐正人,甲斐正人
970,1,木村信司,甲斐正人,甲斐正人
971,1,木村信司,甲斐正人,甲斐正人
972,1,木村信司,甲斐正人,甲斐正人
973,1,木村信司,甲斐正人,甲斐正人
974,1,木村信司,甲斐正人,甲斐正人
975,1,つんく,つんく,高橋諭一
975,2,つんく,つんく,高橋諭一
976,1,つんく,つんく,鈴木俊介
977,1,つんく,つんく,高橋諭一
978,1,つんく,つんく,高橋諭一
979,1,つんく,つんく,西田昌史
979,2,つんく,つんく,西田昌史
980,1,つんく,つんく,橋本由香利
981,1,永井龍雲,永井龍雲,上杉洋史
982,1,永井龍雲,永井龍雲,上杉洋史
983,1,BULGE、海老根祐子、古屋真,迫茂樹,矢野博康
984,1,BULGE,迫茂樹,上野圭市
985,1,つんく,つんく,田中直
986,1,つんく,つんく,鈴木俊介
987,1,つんく,つんく,大久保薫
987,2,つんく,つんく,大久保薫
989,1,つんく,つんく,高橋諭一
990,1,BULGE,迫茂樹,迫茂樹
991,1,古屋真,黒須克彦,加藤大祐
992,1,つんく,つんく,AKIRA
993,1,つんく,つんく,湯浅公一
994,1,つんく,つんく,鈴木Daichi秀行
995,1,つんく,つんく,鈴木Daichi秀行
995,2,つんく,つんく,鈴木Daichi秀行
996,1,つんく,つんく,平田祥一郎
997,1,つんく,つんく,大久保薫
998,1,まこと,つんく,小西貴雄
999,1,"B.Sidran,L.Sidran/日本語詞:音羽志保","B.Sidran,L.Sidran",斎藤悠弥/ホーンアレンジ:竹上良成
1000,1,J.Dragland、L.Sidran (日本語詞：古屋真),J.Dragland、L.Sidran,上杉洋史
1001,1,中野雄太,中野雄太,斎藤悠弥/ホーンアレンジ:竹上良成
1001,2,中野雄太,中野雄太,中野雄太
1002,1,Jesse Harris,Jesse Harris,鈴木俊介
1003,1,森村メラ,成海カズト,garamonn
1003,2,森村メラ,成海カズト,garamonn
1004,1,つんく,つんく,湯浅公一
1005,1,つんく,つんく,高橋諭一
1006,1,つんく,つんく,高橋諭一
1007,1,山上路夫,森田公一,高橋諭一
1008,1,つんく,つんく,湯浅公一
1010,1,つんく,つんく,平田祥一郎
1011,1,つんく,つんく,AKIRA
1012,1,つんく,つんく,湯浅公一
1013,1,,,
1014,1,鈴木美穂,中野雄太,中野雄太
1015,1,安田信二,安田信二,長岡成貴
1016,1,つんく,つんく,鈴木Daichi秀行
1017,1,WaT,Curious K.,鈴木Daichi秀行
1018,1,つんく,つんく,高橋諭一
1019,1,つんく,つんく,高橋諭一
1020,1,つんく,つんく,松井寛
1020,2,つんく,つんく,松井寛
1021,1,BANANA ICE,BANANA ICE,鈴木Daichi秀行
1022,1,つんく,つんく　,高橋諭一
1023,1,山上路夫,森田公一,高橋諭一
1024,1,つんく,つんく,高橋諭一
1024,2,つんく,つんく,高橋諭一
1025,1,つんく,つんく,山崎淳
1025,2,つんく,つんく,山崎淳
1026,1,大西弘武,渡辺徹,渡辺徹
1027,1,中原杏、a2c,a2c,原田勝通、a2c
1028,1,BOUNCEBACK,BOUNCEBACK,BOUNCEBACK
1029,1,すやまちえこ,吉田勝弥,吉田勝弥
1030,1,つんく,つんく,楊慶豪
1031,1,中野雄太、Kenko-p,中野雄太,中野雄太、ats-
1032,1,つんく,つんく,鈴木俊介
1033,1,つんく,つんく,鈴木俊介
1034,1,鈴木美穂+西澤貴子,若林充,和田春彦
1035,1,鈴木美穂,若林充,柳沢英樹
1036,1,西村ちさと,斉藤悠弥,前嶋康明
1037,1,音羽志保,菊池達也,菊池達也
1038,1,MAKI、すぎやまちえこ,安岡洋一郎,安岡洋一郎
1039,1,つんく,つんく,大久保薫
1040,1,つんく,つんく,湯浅公一
1041,1,つんく,つんく,鈴木Daichi秀行
1042,1,つんく,つんく,平田祥一郎
1043,1,つんく,つんく,高橋諭一
1044,1,つんく,つんく,AKIRA
1045,1,つんく,つんく,守尾崇
1046,1,つんく,つんく,鈴木俊介
1047,1,つんく,つんく,松井寛
1048,1,つんく,つんく,鈴木Daichi秀行
1049,1,海野真司,上野浩司,上野浩司
1050,1,海野真司,上野浩司,
1051,1,つんく,つんく,田中直
1052,1,阿木燿子,つんく,湯浅公一
1053,1,つんく,つんく,湯浅公一
1054,1,つんく,つんく,小倉健二
1055,1,つんく,つんく,田中直
1056,1,つんく,つんく,平田祥一郎
1058,1,つんく,つんく,山崎淳
1059,1,つんく,つんく,鈴木Daichi秀行
1060,1,BOUNCEBACK,BOUNCEBACK,BOUNCEBACK
1061,1,すやまちえこ、吉田勝弥,吉田勝弥,吉田勝弥
1062,1,伊藤薫,伊藤薫,大久保薫
1063,1,つんく,つんく,AKIRA
1064,1,つんく,つんく,山崎淳
1065,1,つんく,つんく,平田祥一郎
1065,2,つんく,つんく,平田祥一郎
1066,1,藤岡藤巻,藤岡藤巻,羽生正貴
1067,1,藤岡藤巻,藤岡藤巻,羽生正貴
1068,1,つんく,つんく,鈴木Daichi秀行
1069,1,つんく,つんく,湯浅公一
1070,1,つんく,つんく,平田祥一郎
1071,1,つんく,つんく,鈴木俊介
1072,1,つんく,つんく,高橋諭一
1073,1,つんく,つんく,平田祥一郎
1074,1,つんく,つんく,鈴木Daichi秀行
1075,1,つんく,つんく,高橋諭一
1076,1,つんく,つんく,高橋諭一
1077,1,つんく,つんく,高橋諭一
1078,1,つんく,つんく,小倉健二
2258,1,中澤裕子,トキハイ,嶋田陽一
1079,1,つんく,つんく,平田祥一郎
1080,1,つんく,つんく,小西貴雄
1081,1,つんく,つんく,鈴木Daichi秀行
1082,1,つんく,つんく,朝井泰生
1083,1,つんく,つんく,江上浩太郎
1084,1,つんく,つんく,湯浅公一
1085,1,YumYum,MenMen,宮永治郎、MenMen
1086,1,YumYum,MenMen,高橋諭一
1087,1,つんく,つんく,高橋諭一
1088,1,つんく,つんく,菊谷知樹
1089,1,つんく,つんく,大久保薫
1090,1,つんく,つんく,平田祥一郎
1091,1,つんく,つんく,前嶋康明
1092,1,つんく,つんく,山崎淳
1093,1,つんく,つんく,鈴木俊介
1094,1,つんく,つんく,田中直
1095,1,つんく,つんく,鈴木俊介
1096,1,つんく,つんく,高橋諭一
1097,1,つんく,つんく,鈴木Daichi秀行
1098,1,成海カズト,谷村有美,岡ナオキ
1099,1,谷村有美,谷村有美,上野圭市
1100,1,つんく,つんく,松井寛
1100,2,つんく,つんく,松井寛
1102,1,つんく,つんく,田中直
1103,1,つんく,つんく,江上浩太郎
1104,1,つんく,つんく,田中直
1105,1,つんく,つんく,田中直
1106,1,つんく,つんく,大久保薫
1107,1,つんく,つんく,AKIRA
1108,1,つんく,つんく,鈴木Daichi秀行
1109,1,紺野あずさ,弦哲也,南郷達也
1110,1,紺野あずさ,弦哲也,南郷達也
1111,1,つんく,つんく,菊谷知樹
1112,1,つんく,つんく,酒井ミキオ
1113,1,久和カノン,田村信二,朝井泰生
1114,1,稲葉エミ,田村信二,朝井泰生
1115,1,久保田洋司,BULGE,BULGE、柳沢英樹
1116,1,コモリタミノル,コモリタミノル,コモリタミノル
1117,1,大友民男,安岡洋一郎,安岡洋一郎
1118,1,久保田洋司,岡ナオキ,岡ナオキ
1119,1,コモリタミノル,コモリタミノル,コモリタミノル
1120,1,久保田洋司,柳沢英樹,柳沢英樹
1121,1,小林建樹,小林建樹,小林建樹
1122,1,久保田洋司,柳沢英樹,柳沢英樹
1123,1,村井大,安岡洋一郎,安岡洋一郎
1124,1,つんく,つんく,平田祥一郎
1124,2,つんく,つんく,平田祥一郎
1125,1,つんく,つんく,高橋諭一
1126,1,久保田洋司,her0ism,ツルノリヒロ
1127,1,久保田洋司,herOism,小西貴雄
1129,1,岩里祐穂,木之下慶行,西川進
1130,1,川上夏季,ムラマツテツヤ,安部潤
1131,1,2℃,織田哲郎,家原正樹
1132,1,2℃,斎藤悠弥,斎藤悠弥
1133,1,yozuca*,yozuca*,池田森
1134,1,meg rock,黒須克彦,加藤大祐
1135,1,つんく,つんく,鈴木Daichi秀行
1135,2,つんく,つんく,鈴木Daichi秀行
1135,3,つんく,つんく,鈴木Daichi秀行
1136,1,つんく,つんく,鈴木俊介
1137,1,つんく,つんく,鈴木Daichi秀行
1138,1,つんく,つんく,大久保薫
1138,2,つんく,つんく,大久保薫
1139,1,つんく,つんく,山崎淳
1140,1,つんく,つんく,ダンス☆マン (ホーンアレンジ：川松久芳)
1141,1,つんく,つんく,湯浅公一
1142,1,コモリタミノル,コモリタミノル,コモリタミノル
1143,1,渡辺未来,渡辺未来,渡辺未来
1144,1,イイジマケン,イイジマケン,イイジマケン
1145,1,久保田洋司,藤末樹、崎田樹会,齋藤真也
1146,1,イイジマケン,イイジマケン,イイジマケン
1147,1,井田実,前澤寛之,朝井泰生
1148,1,つんく,つんく,湯浅公一
1149,1,小山哉枝,田代智一,安岡洋一郎
1150,1,西村ちさと,齋藤真也,齋藤真也
1151,1,YumYum,MenMen,MenMen
1152,1,実ノ里,斎藤悠弥,斎藤悠弥
1153,1,実ノ里,斎藤悠弥,斎藤悠弥
1154,1,KAN,KAN,添田啓二、KAN
1155,1,KAN,KAN,小林信吾、KAN
1157,1,つんく,つんく,山崎淳
1158,1,つんく,つんく,鈴木俊介
1159,1,つんく,つんく,平田祥一郎
1160,1,まこと,つんく,高橋諭一
1161,1,三浦徳子,つんく,高橋諭一
1162,1,つんく,はたけ,田中直
1163,1,つんく,つんく,高橋諭一
1164,1,岩里祐穂,AKIRASTAR,西川進
1165,1,川上夏季,小林哲也,知野芳彦
1166,1,磯崎健史,磯崎健史,nishi-ken
1167,1,meg rock,meg rock,加藤大祐
1168,1,川上夏季,木之下慶行,木之下慶行
1169,1,岩里祐穂,AKIRASTAR,AKIRASTAR
1170,1,岩里祐穂,Gajin,佐久間誠
1171,1,岩里祐穂,A-bee,A-bee
1172,1,大内正徳,中野定博,中野定博
1173,1,川上夏季,西川進,西川進
1173,2,川上夏季,西川進,西川進
1174,1,橋本淳,筒美京平,SHUNTARO
1175,1,岩里祐穂,AKIRASTAR,AKIRASTAR
1175,2,岩里祐穂,AKIRASTAR,AKIRASTAR
1176,1,岩里祐穂,Gajin,佐久間誠
1177,1,つんく,つんく,平田祥一郎
1177,2,つんく,つんく,平田祥一郎
1177,3,つんく,つんく,平田祥一郎
1178,1,つんく,つんく,平田祥一郎
1179,1,つんく,つんく,平田祥一郎
1180,1,つんく,つんく,山崎淳
1181,1,つんく,つんく,鈴木Daichi秀行
1182,1,つんく,つんく,高橋諭一
1183,1,つんく,つんく,平田祥一郎
1184,1,つんく,つんく,湯浅公一
1185,1,B.Meinunger (訳詞：山本伊織),R.Siegal,ダンス☆マン
1185,2,B.Meinunger (訳詞：山本伊織),R.Siegal,ダンス☆マン
1185,3,B.Meinunger (訳詞：山本伊織),R.Siegal,ダンス☆マン
1186,1,つんく,つんく,酒井ミキオ
1186,2,つんく,つんく,酒井ミキオ
1187,1,コモリタミノル,コモリタミノル,コモリタミノル
1189,1,つんく,つんく,鈴木Daichi秀行
1190,1,つんく,つんく,鈴木Daichi秀行
1191,1,つんく,つんく,藤澤慶昌
1191,2,つんく,つんく,藤澤慶昌
1192,1,いではく,杉本眞人,ユ・ヘジュン
1193,1,もりちよこ,ユ・ヘジュン,ユ・ヘジュン
1194,1,つんく,つんく,山崎淳
1195,1,つんく,つんく,高橋諭一
1196,1,つんく,つんく,河合英嗣
1197,1,2℃,斎藤悠弥,斎藤悠弥
1198,1,2℃,吉田勝弥,吉田勝弥
1200,1,C.plece,AKIRASTAR,安部潤
1201,1,湯川れい子,宮川彬良,荒木啓六
1202,1,つんく,つんく,AKIRA
1203,1,つんく,つんく,江上浩太郎
1204,1,KAN,KAN,たいせい
1204,2,KAN,KAN,たいせい
1205,1,つんく,つんく,平田祥一郎
1206,1,つんく,つんく,平田祥一郎
1207,1,2℃,FIREWARKS,宮永治郎
1208,1,2℃,BOUNCEBACK,BOUNCEBACK
1209,1,吉岡治,宇崎竜童,川端良征
1209,2,吉岡治,宇崎竜童,川端良征
1210,1,つんく,つんく,山崎淳
1211,1,岩里祐穂,ムラマツテツヤ,西川進
1212,1,川上夏季,杉浦“ラフィン”誠一郎,大久保薫
1213,1,つんく,つんく,鈴木俊介
1214,1,つんく,つんく,鈴木俊介
1215,1,つんく,つんく,山崎淳
1216,1,つんく,つんく,大久保薫
1217,1,つんく,つんく,山崎淳
1218,1,つんく,つんく,AKIRA
1219,1,つんく,つんく,高橋諭一
1220,1,つんく,つんく,湯浅公一
1221,1,つんく,つんく,鈴木俊介
1221,2,つんく,つんく,鈴木俊介
1222,1,つんく,つんく,松井寛
1223,1,阿久悠,都倉俊一,笹本安詞
1223,2,阿久悠,都倉俊一,笹本安詞
1224,1,阿久悠,筒美京平,土肥真生
1224,2,阿久悠,筒美京平,土肥真生
1225,1,三浦徳子,KAN,たいせい
1226,1,前山田健一,前山田健一,前山田健一
1227,1,2℃,村井大,村井大
1228,1,つんく,つんく,平田祥一郎
1229,1,つんく,つんく,山崎淳
1230,1,岩里祐穂,井上慎二郎,西川進
1231,1,岩里祐穂,井上慎二郎,井上慎二郎
1232,1,角田崇徳,角田崇徳,角田崇徳
1233,1,角田崇徳,MOTO G3,MOTO G3
1234,1,角田崇徳,角田崇徳,井上龍仁
1235,1,井上龍仁,角田崇徳,角田崇徳
1236,1,森村メラ,MOTO G3,MOTO G3
1237,1,阿久悠,都倉俊一,大久保薫
1238,1,阿久悠,大野克夫,周訪泰臣
1239,1,阿久悠,井上かつお,藤澤慶昌
1240,1,阿久悠,穂口雄右,土肥真生
1241,1,阿久悠,浜圭介,江上浩太郎
1242,1,阿久悠,井上忠夫,菊谷知樹 (ブラスアレンジ：竹上良成)
1243,1,阿久悠,小林亜星,army slick
1244,1,阿久悠,中村泰士,大久保薫
1245,1,阿久悠,都倉俊一,川端良征
1246,1,阿久悠,都倉俊一,安岡洋一郎
1247,1,つんく,つんく,鈴木俊介
1248,1,つんく,つんく,鈴木俊介
1249,1,つんく,つんく,湯浅公一
1250,1,つんく,つんく,高橋諭一
1251,1,谷村有美,斎藤悠弥,たいせい
1252,1,つんく,つんく,米光 亮&宮本賢二
1254,1,コモリタミノル,コモリタミノル,コモリタミノル
1255,1,中島卓偉、つんく,中島卓偉,鈴木Daichi秀行
1256,1,川上夏季,日比野裕史,安部潤
1257,1,川上夏季,泉典孝,中野定博
1258,1,三浦徳子,KAN,たいせい
1259,1,金子雄平,隆勇人,荒木啓六
1260,1,村井大,Antonio Lucio Vivaldi、村井大,村井大
1261,1,村井大,村井大,村井大
1262,1,AKIRASTAR,AKIRASTAR,AKIRASTAR
1263,1,福本公四郎,福本公四郎,荒木啓六
1264,1,谷藤律子,若林充,伊藤俊
1265,1,KAN,KAN,荒木啓六 (ブラスアレンジ：竹上良成)
1266,1,久保田洋司,斎藤悠弥,cosma (ブラスアレンジ：竹上良成)
1267,1,BULGE,BULGE,BULGE
1268,1,村井大,村井大,佐久間誠
1269,1,久保田洋司,中野雄太,中野雄太
1271,1,久保田洋司,柳沢英樹,柳沢英樹
1272,1,久保田洋司,安岡洋一郎,安岡洋一郎 (ブラスアレンジ：竹上良成)
1273,1,popY,中野雄太,中野雄太
1274,1,三浦徳子,つんく,AKIRASTAR、中山信彦
1275,1,川上夏季,オオヤギヒロオ,木之下慶行
1276,1,つんく,つんく,鈴木Daichi秀行
1277,1,つんく,つんく,AKIRA
1278,1,つんく,つんく,鈴木俊介
1279,1,つんく,つんく,高橋諭一
1280,1,つんく,つんく,山崎淳
1280,2,つんく,つんく,山崎淳
1281,1,つんく,つんく,藤澤慶昌
1282,1,つんく,つんく,平田祥一郎
1283,1,つんく,つんく,上杉洋史
1285,1,つんく (中文詞：鄭昭仁),つんく,湯浅公一
1285,2,つんく,つんく,大久保薫/湯浅公一
1285,3,つんく (中文詞：鄭昭仁),つんく,湯浅公一
1286,1,前山田健一,前山田健一,前山田健一
1287,1,荒木啓六,荒木啓六,荒木啓六
1288,1,川上夏季,木之下慶行,木之下慶行
1289,1,岩里祐穂,AKIRASTAR,AKIRASTAR
1292,1,岩里祐穂,AKIRASTAR,西川進
1293,1,岩里祐穂,AKIRASTAR,AKIRASTAR
1293,2,岩里祐穂,AKIRASTAR,荒幡亮平
1294,1,岩里祐穂,Gajin,佐久間誠
1295,1,AKIRASTAR、岩里祐穂,AKIRASTAR,井上慎二郎、AKIRASTAR
1296,1,三浦徳子,山沢大洋,武藤星児
1297,1,三浦徳子,山沢大洋,武藤星児
1298,1,つんく,つんく,大久保薫
1299,1,つんく,つんく,高橋諭一
1300,1,川上夏季,TATSUYA,安部潤
1301,1,川上夏季,BOUNCEBACK,BOUNCEBACK
1302,1,もりちよこ,"Yoo,HaeJoon",矢野立美
1303,1,もりちよこ,"Yoo,HaeJoon",矢野立美
1304,1,つんく,つんく,江上浩太郎
1305,1,つんく,つんく,上杉洋史
1306,1,つんく,つんく,田中直
1307,1,つんく,つんく,田中直
1308,1,つんく,つんく,湯浅公一
1309,1,つんく,つんく,大久保薫
1310,1,つんく,つんく,鈴木Daichi秀行
1311,1,つんく,つんく,田中直
1312,1,つんく,つんく,江上浩太郎
1313,1,三浦徳子,KAN,たいせい
1314,1,三浦徳子,KAN,たいせい
1315,1,カシアス島田,ユウキ,斎藤文護・岩室晶子
1316,1,つんく,つんく,平田祥一郎
1317,1,つんく,つんく,高橋諭一
1318,1,三浦徳子,つんく,西川進
1319,1,川上夏季,木之下慶行,木之下慶行
1320,1,つんく,つんく,平田祥一郎
1322,1,三浦徳子,KAN,たいせい
1323,1,三浦徳子,KAN,たいせい
1324,1,川上夏季,斎藤悠弥,斎藤悠弥
1324,2,川上夏季,斎藤悠弥,斎藤悠弥
1325,1,川上夏季,木之下慶行,木之下慶行
1326,1,つんく,つんく,大久保薫
1327,1,つんく,つんく,平田祥一郎
1328,1,つんく,つんく,藤澤慶昌
1329,1,喜多條忠,佐瀬寿一,平田祥一郎
1329,2,喜多條忠,佐瀬寿一,平田祥一郎
1330,1,つんく,はたけ,板垣祐介
1331,1,中山加奈子,奥居香,田中直
1332,1,KAN,KAN,山崎淳
1333,1,小田和正,小田和正,高橋諭一
1334,1,米米CLUB,米米CLUB,藤澤慶昌
1335,1,平松愛理,平松愛理,江上浩太郎
1336,1,松任谷由実,松任谷由実,湯浅公一
1337,1,吉田美和,吉田美和,湯浅公一
1338,1,氷室京介,布袋寅泰,鈴木Daichi秀行
1339,1,松本隆,呉田軽穂,大久保薫
1340,1,大津あきら,鈴木キサブロー,湯浅公一
1341,1,さだまさし,さだまさし,高橋諭一
1342,1,山上路夫,いずみたく,大久保薫
1343,1,三浦徳子,KAN,佐々倉有吾
1344,1,三浦徳子,KAN,小西貴雄
1345,1,つんく,つんく,大久保薫
1346,1,つんく,つんく,AKIRA
1347,1,つんく,つんく,鈴木Daichi秀行
1348,1,三浦徳子,つんく,西川進
1349,1,川上夏季,生田真心,井上慎二郎
1350,1,川上夏季,BOUNCEBACK,日比野裕史
1350,2,川上夏季,BOUNCEBACK,日比野裕史
1351,1,川上夏季,すみだしんや,田辺恵二
1352,1,つんく,つんく,大久保薫
1353,1,つんく,つんく,板垣祐介
1354,1,つんく,つんく,AKIRA
1355,1,三浦徳子,畠山俊昭,solaya
1357,1,つんく,つんく,大久保薫
1357,2,つんく,つんく,大久保薫
1358,1,つんく,つんく,平田祥一郎
1359,1,つんく,つんく,平田祥一郎
1360,1,つんく,つんく,ダンス☆マン
1361,1,川上夏季,日比野裕史,日比野裕史
1362,1,川上夏季,木之下慶行,木之下慶行
1363,1,つんく,つんく,板垣祐介
1364,1,三浦徳子,経塚泰誠,大久保薫
1365,1,三浦徳子,経塚泰誠,高橋諭一
1367,1,つんく,つんく,田中直
1368,1,つんく,つんく,平田祥一郎
1369,1,つんく,つんく,田中直
1370,1,つんく,つんく,田中直
1371,1,カシアス島田,高原兄,齊藤文護・岩室晶子
1372,1,三浦徳子,畠山俊昭,朝井泰生
1373,1,三浦徳子,経塚泰誠,高橋諭一
1374,1,三浦徳子,経塚泰誠,たいせい (ブラスアレンジ：竹上良成)
1375,1,三浦徳子,畠山俊昭,佐々倉有吾
1376,1,三浦徳子,畠山俊昭,佐々倉有吾
1377,1,三浦徳子,つんく,西川進
1379,1,つんく,つんく,板垣祐介
1380,1,つんく,つんく,朝井泰生
1381,1,川上夏季,斎藤悠弥,斎藤悠弥
1382,1,川上夏季,原田ナオ,原田ナオ
1383,1,三浦徳子,つんく,西川進
1384,1,C.Piece,AKIRASTAR,AKIRASTAR
1385,1,川上夏季,木之下慶行,木之下慶行
1386,1,岩里祐穂,木之下慶行,木之下慶行
1387,1,岩里祐穂,FLAT5th Yoshiaki Okamoto,西川進
1388,1,川上夏季,AKIRASTAR,AKIRASTAR
1389,1,川上夏季,ムラマツテツヤ,西川進
1390,1,橋本淳,筒美京平,小林俊太郎
1391,1,岩里祐穂,Gajin,佐久間誠
1392,1,AKIRASTAR,AKIRASTAR,AKIRASTAR
1393,1,つんく,つんく,鈴木Daichi秀行
1394,1,つんく,つんく,AKIRA
1395,1,つんく,つんく,AKIRA
1396,1,つんく,つんく,山崎淳
1397,1,つんく,つんく,板垣祐介
1398,1,つんく,つんく,山崎淳
1399,1,つんく,つんく,山崎淳
1400,1,つんく,つんく,朝井泰生
1401,1,三浦徳子,つんく,江上浩太郎
1402,1,三浦徳子,つんく,大久保薫
1403,1,つんく,つんく,オダクラユウ
1403,2,つんく,つんく,オダクラユウ
1404,1,つんく,つんく,オオバコウスケ
1405,1,つんく,つんく,湯浅公一
1406,1,つんく,つんく,板垣祐介
1407,1,つんく,つんく,田中直
1408,1,つんく,つんく,大久保薫
1409,1,つんく,つんく,江上浩太郎
1410,1,つんく,つんく,平田祥一郎
1411,1,つんく,つんく,大久保薫
1412,1,つんく,つんく,田中直
1413,1,つんく,つんく,鈴木俊介
1414,1,つんく,つんく,平田祥一郎
1415,1,つんく,つんく,田中直
1416,1,つんく,つんく,平田祥一郎
1417,1,つんく,つんく,湯浅公一
1418,1,つんく,つんく,藤澤慶昌
1419,1,つんく,つんく,板垣祐介
1420,1,つんく,つんく,湯浅公一
1421,1,三浦徳子,経塚泰誠,河合英嗣
1422,1,三浦徳子,経塚泰誠,鈴木俊介
1423,1,つんく,つんく,平田祥一郎
1423,2,つんく,つんく,平田祥一郎
1424,1,亜伊林 ※三浦徳子の別名,つんく,高橋諭一
1425,1,つんく,つんく,大久保薫
1426,1,つんく,つんく,AKIRA
1427,1,おとぎの国音楽隊,おとぎの国音楽隊,涌井啓一、千葉直樹
1428,1,おとぎの国音楽隊,おとぎの国音楽隊,涌井啓一、大場康司
1429,1,つんく,つんく,板垣祐介
1430,1,つんく,つんく,平田祥一郎
1431,1,つんく,つんく,高橋諭一
1431,2,つんく,つんく,高橋諭一
1432,1,つんく,つんく,平田祥一郎
1433,1,つんく,つんく,鈴木俊介
1434,1,つんく,つんく,平田祥一郎
1435,1,三浦徳子,畠山俊昭,河合英嗣
1435,2,三浦徳子,畠山俊昭,河合英嗣
1436,1,三浦徳子 (英語詞：西田恵美),畠山俊昭,津沢崇
1436,2,三浦徳子 (英語詞：西田恵美),畠山俊昭,津沢崇
1437,1,つんく,つんく,山崎淳
1437,2,つんく,つんく,山崎淳
1954,1,太田善也,はたけ,はたけ・津澤崇
1438,1,二十九先生(軽音楽部顧問),二十九先生(軽音楽部顧問),江上浩太郎
1439,1,つんく,つんく,高橋諭一
1440,1,つんく,つんく,湯浅公一
1441,1,つんく,つんく,鈴木俊介
1442,1,つんく,つんく,藤澤慶昌
1443,1,つんく,つんく,平田祥一郎
1443,2,つんく,つんく,平田祥一郎
1444,1,つんく,つんく,大久保薫
1445,1,2℃,斎藤悠弥,高橋諭一/斎藤悠弥
1446,1,ツジリンメイ,林あきひと,林あきひと
1447,1,三浦徳子,つんく,板垣祐介
1448,1,KAN,KAN,KAN、泰誠
1449,1,三浦徳子,泰誠,菊谷知樹
1450,1,三浦徳子,泰誠,鈴木俊介
1451,1,三浦徳子,畠山俊昭,津沢崇
1452,1,三浦徳子,泰誠,泰誠
1453,1,三浦徳子,畠山俊昭,小西貴雄
1454,1,2℃,若林充,小西貴雄 (オーケストラアレンジ：三浦秀秋)
1455,1,Noria,鳴瀬シュウヘイ,鳴瀬シュウヘイ
1456,1,つんく,つんく,鈴木俊介
1457,1,つんく,つんく,大久保薫
1458,1,つんく,つんく,板垣祐介
1459,1,つんく,つんく,田中直
1460,1,つんく,つんく,板垣祐介
1461,1,つんく,つんく,高橋諭一
1462,1,つんく,つんく,鈴木俊介
1463,1,つんく,つんく,湯浅公一
1464,1,つんく,つんく,AKIRA
1465,1,つんく,つんく,湯浅公一
1466,1,つんく,つんく,藤澤慶昌
1467,1,つんく (Rap詞：U.M.E.D.Y.),つんく,藤澤慶昌
1468,1,つんく,つんく,鈴木俊介
1469,1,つんく,つんく,湯浅公一
1470,1,つんく,つんく,鈴木Daichi秀行
1471,1,つんく,つんく,宅見将典
1472,1,畑亜貴,畑亜貴,森藤晶司
1473,1,三浦徳子,泰誠,河合英嗣
1474,1,三浦徳子,泰誠,大久保薫
1475,1,岩里祐穂,井上慎二郎,井上慎二郎
1476,1,岩里祐穂,AKIRASTAR,AKIRASTAR
1477,1,おのりく,HA,土肥真生
1478,1,つんく,つんく,平田祥一郎
1478,2,つんく,つんく,平田祥一郎
1479,1,つんく,つんく,鈴木俊介
1480,1,つんく,つんく,平田祥一郎
1481,1,つんく,つんく,高橋諭一
1482,1,つんく,つんく,大久保薫
1482,2,つんく,つんく,大久保薫
1483,1,つんく,つんく,板垣祐介
1484,1,つんく,つんく,朝井泰生
1485,1,つんく,つんく,平田祥一郎
1486,1,つんく,つんく,板垣祐介
1487,1,つんく,つんく,平田祥一郎
1488,1,つんく,つんく,藤澤慶昌
1489,1,つんく,つんく,平田祥一郎
1490,1,つんく,つんく,平田祥一郎
1491,1,つんく,つんく,板垣祐介
1492,1,つんく,つんく,湯浅公一
1493,1,つんく,つんく,板垣祐介
1494,1,つんく,つんく,高橋諭一
1495,1,つんく,つんく,鈴木Daichi秀行
1496,1,つんく,つんく,板垣祐介
1497,1,つんく,つんく,大久保薫
1498,1,つんく,つんく,宅見将典
1499,1,つんく,つんく,大久保薫
1500,1,つんく,つんく,山崎淳
1501,1,つんく,つんく,板垣祐介
1502,1,つんく,つんく,平田祥一郎
1503,1,つんく,つんく,大久保薫
1504,1,つんく,つんく,板垣祐介
1505,1,つんく,つんく,鈴木Daichi秀行
1506,1,つんく,つんく,大久保薫
1507,1,つんく,つんく,板垣祐介
1508,1,NOBE,中島卓偉,鈴木俊介
1509,1,三浦徳子,中島卓偉,泰誠
1510,1,三浦徳子,今井千尋,石崎光
1511,1,鈴木美穂,柳沢英樹,田原伸浩 (ブラスアレンジ：竹上良成)
1512,1,つんく,つんく,大久保薫
1512,2,つんく,つんく,
1513,1,つんく,つんく,藤澤慶昌
1514,1,つんく,つんく,高橋諭一
1515,1,NaNa★MUSiC,NaNa★MUSiC,Sunny Boy
1516,1,BOUNCEBACK,BOUNCEBACK,BOUNCEBACK
1517,1,林よしみ,林よしみ,安岡洋一郎
1518,1,三浦徳子,八木雄一,八木雄一
1520,1,SIAM SHADE,SIAM SHADE,土肥真生
1521,1,つんく,つんく,平田祥一郎
1522,1,つんく,つんく,鈴木俊介
1523,1,つんく,つんく,宅見将典
1524,1,つんく,つんく,藤澤慶昌
1525,1,つんく,つんく,平田祥一郎
1526,1,つんく,つんく,大久保薫
1527,1,つんく,つんく,板垣祐介
1528,1,つんく,つんく,平田祥一郎
1529,1,つんく,つんく,オオバコウスケ
1530,1,つんく,つんく,田中直
1531,1,つんく,つんく,大久保薫
1531,2,つんく,つんく,大久保薫
1532,1,つんく (Rapアレンジ：U.M.E.D.Y.),つんく,大久保薫
1533,1,つんく,つんく,大久保薫
1534,1,つんく,つんく,平田祥一郎
1535,1,つんく,つんく,AKIRA
1536,1,つんく,つんく,鈴木俊介
1537,1,つんく,つんく,板垣祐介
1538,1,つんく,つんく,大久保薫
1539,1,つんく,つんく,宅見将典
1540,1,つんく,つんく,高橋諭一
1541,1,つんく,つんく,湯浅公一
1542,1,つんく,つんく,平田祥一郎
1543,1,つんく,つんく,高橋諭一
1543,2,つんく,つんく,高橋諭一
1543,3,つんく,つんく,高橋諭一
1544,1,つんく,つんく,朝井泰生
2321,1,児玉雨子,児玉雨子,依田伸隆(10GAUGE)
2321,2,児玉雨子,児玉雨子,依田伸隆(10GAUGE)
1545,1,つんく,つんく,上杉洋史
1545,2,つんく,つんく,湯浅公一
1545,3,つんく,つんく,湯浅公一
1546,1,2℃,柳沢英樹,荒木啓六
1547,1,つんく,つんく,大久保薫
1548,1,つんく,つんく,板垣祐介
1549,1,つんく,つんく,Yasushi Watanabe
1550,1,NOBE,しほり,宮永治郎
1550,2,NOBE,しほり,宮永治郎
1551,1,おのりく,AKIRASTAR,AKIRASTAR
1552,1,つんく,つんく,平田祥一郎
1553,1,つんく,つんく,大久保薫
1554,1,つんく,つんく,平田祥一郎
1555,1,つんく,つんく,板垣祐介
1556,1,つんく,つんく,大久保薫
1557,1,つんく,つんく,湯浅公一
1558,1,つんく,つんく,板垣祐介
1559,1,つんく,つんく,高橋諭一
1560,1,つんく,つんく,宮永治郎
1561,1,つんく,つんく,オダクラユウ
1562,1,つんく,つんく,大久保薫
1563,1,つんく,つんく,松井寛
1564,1,つんく,つんく,宅見将典
1565,1,つんく,つんく,AKIRA
1566,1,つんく,つんく,大久保薫
1567,1,つんく,つんく,湯浅公一
1568,1,つんく,つんく,HΛL
1569,1,本上遼,本上遼,本上遼、原田勝通
1570,1,本上遼,本上遼,本上遼、原田勝通
1571,1,つんく,つんく,平田祥一郎
1572,1,つんく,つんく,前嶋康明
1573,1,manzo,manzo,manzo
1574,1,三浦徳子,はたけ,はたけ
1575,1,,,
1576,1,三浦徳子,本上遼,本上遼/原田勝通
1577,1,まこと,たいせー,高橋諭一
1578,1,三浦徳子,はたけ,はたけ
1579,1,,,
1580,1,本上遼,本上遼,本上遼/原田勝通
1581,1,三浦徳子,中島卓偉,高橋諭一
1582,1,牧穂エミ,はたけ,はたけ、HEYSKE
1583,1,,,
1584,1,光咲魁人,光咲魁人,光咲魁人、山田翔太
1585,1,,,
1586,1,つんく,つんく,平田祥一郎
1586,2,つんく,つんく,平田祥一郎
1587,1,つんく,つんく,板垣祐介
1588,1,つんく,つんく,山崎淳
1588,2,つんく,つんく,山崎淳
1588,3,つんく,つんく,山崎淳
1588,4,つんく,つんく,山崎淳
1588,5,つんく,つんく,山崎淳
1588,6,つんく,つんく,山崎淳
1588,7,つんく,つんく,山崎淳
1588,8,つんく,つんく,山崎淳
1589,1,つんく,つんく,corin.
1590,1,つんく,つんく,大久保薫
1591,1,つんく,つんく,高橋諭一
1592,1,つんく,つんく,オオバコウスケ
1593,1,つんく,つんく,大久保薫
1593,2,つんく,つんく,大久保薫
2322,1,竹屋なかこ、児玉雨子,依田伸隆(10GAUGE),依田伸隆(10GAUGE)
2322,2,竹屋なかこ、児玉雨子,依田伸隆(10GAUGE),依田伸隆(10GAUGE)
1594,1,MIKOTO,MIKOTO,河合英嗣
1595,1,三浦徳子,はたけ,河合英嗣
1596,1,つんく,つんく,大久保薫
1596,2,つんく,つんく,大久保薫
1596,3,つんく,つんく,大久保薫
1597,1,つんく,つんく,鈴木俊介
1597,2,つんく,つんく,鈴木俊介
1598,1,つんく,つんく,平田祥一郎
1599,1,つんく,つんく,平田祥一郎
1600,1,つんく,つんく,大久保薫
1601,1,Mukek Jongmankhong (日本語詞：つんく),Sudsan Wongsamut,大久保薫
1602,1,Apisit Opasimlikit (日本語詞：つんく) (Rap詞：U.M.E.D.Y.),Thana Lawasut,鈴木Daichi秀行
1603,1,つんく,つんく,湯浅公一
1603,2,つんく,つんく,湯浅公一
1604,1,DECO*27,DECO*27,DECO*27、Konnie-PLASMO'-Aoki
1605,1,HA、AKIRASTAR,HA、AKIRASTAR,AKIRASTAR
1606,1,HA,松井望、HA,Konnie-PLASMO'-Aoki
1607,1,おのりく,HA,Konnie-PLASMO'-Aoki
1608,1,HA,松井望、HA,tasuku、Konnie-PLASMO'-Aoki
1609,1,HA,AKIRASTAR,AKIRASTAR
1610,1,つんく,つんく,大久保薫
2323,1,児玉雨子,依田伸隆(10GAUGE),依田伸隆(10GAUGE)
1611,1,つんく,つんく,平田祥一郎
1612,1,つんく,つんく,板垣祐介
1612,2,つんく,つんく,板垣祐介
1612,3,つんく,つんく,板垣祐介
1612,4,つんく,つんく,板垣祐介
1613,1,つんく,つんく,平田祥一郎
1614,1,つんく (Rapアレンジ：U.M.E.D.Y.),つんく,平田祥一郎
1615,1,つんく,つんく,大久保薫
1616,1,つんく,つんく,大久保薫
1617,1,つんく,つんく,大久保薫
1618,1,つんく,つんく,AKIRA
1619,1,つんく,つんく,平田祥一郎
1620,1,つんく,つんく,江上浩太郎
1621,1,つんく,つんく,鈴木俊介
1622,1,つんく,つんく,大久保薫
1622,2,つんく,つんく,大久保薫
1623,1,つんく,つんく,河野伸
1624,1,つんく,つんく,平田祥一郎
1625,1,つんく,つんく,高橋諭一
1626,1,つんく,つんく,板垣祐介
1627,1,つんく,つんく,大久保薫
1627,2,つんく,つんく,大久保薫
1628,1,角田崇徳,角田崇徳,角田崇徳
1628,2,角田崇徳,角田崇徳,角田崇徳
1628,3,角田崇徳,角田崇徳,角田崇徳
1629,1,つんく,つんく,湯浅公一
1630,1,つんく,つんく,宮永治郎
1631,1,つんく,つんく,大久保薫
1632,1,つんく,つんく,板垣祐介
1633,1,三浦徳子、太田善也,小田裕一郎,JAZZIDA GRANDE
1634,1,MIKOTO,MIKOTO,鈴木俊介
1635,1,三浦徳子,MIKOTO,木之下慶行
1636,1,つんく,つんく,平田祥一郎
1637,1,つんく,つんく,宅見将典
1638,1,つんく,つんく,大久保薫
1638,2,つんく,つんく,大久保薫
1639,1,つんく,つんく,大久保薫
1640,1,つんく,つんく,大久保薫
1641,1,つんく,つんく,AKIRA
1642,1,つんく,つんく,平田祥一郎
1643,1,つんく,つんく,大久保薫
2324,1,児玉雨子,依田伸隆(10GAUGE),依田伸隆(10GAUGE)
1644,1,つんく,つんく,平田祥一郎
1645,1,つんく,つんく,平田祥一郎
1646,1,つんく,つんく,板垣祐介
1647,1,つんく,つんく,宮永治郎
1648,1,つんく,つんく,上杉洋史
1649,1,三浦徳子,泰誠,大久保薫
1650,1,三浦徳子,小西裕子,SHIKI
1651,1,堤幸彦,武内享,武内享
1652,1,森高千里 (セリフアレンジ：つんく),斉藤英夫,平田祥一郎
1652,2,森高千里 (セリフアレンジ：つんく),斉藤英夫,平田祥一郎
1653,1,森高千里,松浦誠二,板垣祐介
1654,1,森高千里,森高千里,藤澤慶昌
1655,1,三浦徳子,MEG.ME,MEG.ME
1656,1,つんく,つんく,平田祥一郎
1657,1,つんく,つんく,渡辺泰司
1658,1,Aunnop Chansuta (日本語詞：つんく),Apisit Opasaimlikit,AKIRA
1659,1,つんく,つんく,大久保薫
1660,1,つんく,つんく,平田祥一郎
2325,1,,,
1661,1,つんく,つんく,平田祥一郎
1662,1,つんく,つんく,藤澤慶昌
1663,1,つんく,つんく,宅見将典
1664,1,つんく,つんく,宮永治郎
1665,1,つんく,つんく,平田祥一郎
1665,2,つんく,つんく,平田祥一郎
1666,1,つんく,つんく,大久保薫
1666,2,つんく,つんく,大久保薫
1667,1,つんく,つんく,平田祥一郎
1667,2,つんく,つんく,平田祥一郎
1668,1,つんく,つんく,大久保薫
1669,1,つんく,つんく,江上浩太郎
1670,1,つんく,つんく,江上浩太郎
1671,1,つんく,つんく,大久保薫
1672,1,つんく,つんく,板垣祐介 (ブラスアレンジ：鈴木俊介)
1672,2,つんく,つんく,板垣祐介 (ブラスアレンジ：鈴木俊介)
1673,1,つんく,つんく,大久保薫
1674,1,つんく,つんく,平田祥一郎
1675,1,つんく,つんく,大久保薫
1676,1,つんく,つんく,大久保薫
1677,1,つんく,つんく,板垣祐介
1678,1,つんく,つんく,平田祥一郎
1679,1,つんく,つんく,AKIRA
1680,1,つんく,つんく,平田祥一郎 (ブラスアレンジ：鈴木俊介)
1680,2,つんく,つんく,平田祥一郎 (ブラスアレンジ：鈴木俊介)
1680,3,つんく,つんく,平田祥一郎 (ブラスアレンジ：鈴木俊介)
1681,1,つんく,つんく,鈴木俊介
1682,1,つんく,つんく,平田祥一郎
1683,1,つんく,つんく,江上浩太郎
1684,1,つんく,つんく,大久保薫
1685,1,つんく,つんく,大久保薫
1686,1,つんく,つんく,江上浩太郎
1687,1,つんく,つんく,宅見将典
1688,1,つんく,つんく,河野伸
1689,1,つんく,つんく,大久保薫
1689,2,つんく,つんく,大久保薫
1690,1,つんく,つんく,大久保薫
1691,1,つんく,つんく,江上浩太郎
1692,1,つんく,つんく,大久保薫
1693,1,つんく (Rapアレンジ：U.M.E.D.Y.),つんく,AKIRA
1694,1,つんく,つんく,平田祥一郎
1695,1,つんく,つんく,AKIRA
1696,1,つんく,つんく,上杉洋史
1697,1,つんく,つんく,宮永治郎
1698,1,つんく,つんく,山崎淳
1699,1,つんく,つんく,宅見将典
1700,1,つんく,つんく,鈴木俊介
1701,1,つんく,つんく,大久保薫
1702,1,つんく,つんく,江上浩太郎
1703,1,つんく,つんく,鈴木俊介
1704,1,つんく,つんく,宮永治郎
1705,1,つんく,つんく,鴇沢直
1706,1,つんく,つんく,鈴木俊介
1706,2,つんく,つんく,鈴木俊介
1707,1,つんく,つんく,平田祥一郎
1708,1,つんく,つんく,江上浩太郎
1709,1,つんく,つんく,原田ナオ
1710,1,つんく,つんく,大久保薫
1711,1,つんく,つんく,AKIRA (ブラスアレンジ：鈴木俊介)
1712,1,MEG.ME,MEG.ME,生田真心
1713,1,牧穂エミ,はたけ,はたけ
1714,1,もりちよこ,YUMA,YUMA
1715,1,前田たかひろ,安田信二,安田信二
1716,1,角田崇徳,中島卓偉,木之下慶行
1717,1,もりちよこ,多喜紅葉・楠木エミリ,Buzz Coen
1718,1,もりちよこ,加藤裕介,加藤裕介
1719,1,角田崇徳,角田崇徳,鈴木俊介
1720,1,つんく,つんく,宮永治郎
1721,1,つんく,つんく,大久保薫
1722,1,つんく,つんく,大久保薫
2320,1,末満健一/ 大槻ケンヂ,和田俊輔,和田俊輔
1723,1,つんく,つんく,大久保薫
1723,2,つんく,つんく,大久保薫
1724,1,つんく,つんく,大久保薫
1725,1,つんく,つんく,大久保薫
1725,2,つんく,つんく,大久保薫
1726,1,つんく,つんく,平田祥一郎
1727,1,つんく,つんく,江上浩太郎
1728,1,つんく,つんく,KOH
1729,1,つんく,つんく,AKIRA
1730,1,つんく,つんく,板垣祐介
1731,1,つんく,つんく,宅見将典
1732,1,つんく,つんく,平田祥一郎
1733,1,つんく,つんく,宮永治郎
1734,1,つんく,つんく,大久保薫
1734,2,つんく,つんく,大久保薫
1735,1,つんく,つんく,大久保薫
1735,2,つんく,つんく,大久保薫
1736,1,つんく,つんく,平田祥一郎
1737,1,つんく,つんく,板垣祐介
1738,1,太田善也,遠藤浩二,遠藤浩二
1738,2,太田善也,遠藤浩二,遠藤浩二
1739,1,スコットランド民謡 日本語訳:堀内敬三,スコットランド民謡,遠藤浩二
1740,1,東龍男,平吉毅州,遠藤浩二
1741,1,つんく,つんく,平田祥一郎
1742,1,つんく,つんく,AKIRA
1743,1,つんく,つんく,KOH
1744,1,つんく,つんく,平田祥一郎
1745,1,つんく,つんく,平田祥一郎
1746,1,末満健一,和田俊輔,南ゆに・和田俊輔
1747,1,末満健一・新良エツ子,和田俊輔,和田俊輔
1747,2,末満健一・新良エツ子,和田俊輔,和田俊輔
1748,1,末満健一,和田俊輔,南ゆに・和田俊輔
1749,1,末満健一,和田俊輔,和田俊輔
1750,1,末満健一,和田俊輔,南ゆに・和田俊輔
1751,1,末満健一,和田俊輔,和田俊輔
1752,1,末満健一,和田俊輔,南ゆに・和田俊輔
1753,1,末満健一,和田俊輔,南ゆに・和田俊輔
1754,1,末満健一,和田俊輔,和田俊輔
1755,1,末満健一,和田俊輔,南ゆに・和田俊輔
1756,1,末満健一,和田俊輔,南ゆに・和田俊輔
1757,1,末満健一,和田俊輔,南ゆに・和田俊輔
1758,1,末満健一,和田俊輔,南ゆに
1759,1,末満健一,和田俊輔,南ゆに・和田俊輔
2326,1,,,tofubeats
1760,1,つんく,つんく,大久保薫
1761,1,つんく,つんく,MEG.ME
1761,2,つんく,つんく,MEG.ME
1762,1,つんく,つんく,平田祥一郎
1763,1,つんく,つんく,平田祥一郎
1764,1,つんく,つんく,大久保薫
1764,2,つんく,つんく,大久保薫
1765,1,つんく,つんく,田中直
1766,1,石原信一,弦哲也,鈴木俊介
1767,1,つんく,つんく,田中直
1768,1,つんく,つんく,江上浩太郎
1769,1,つんく,つんく,AKIRA
1770,1,つんく,つんく,大久保薫
1771,1,つんく,つんく,大久保薫
1772,1,つんく,つんく,大久保薫
1773,1,つんく,つんく,鈴木俊介
1774,1,つんく,つんく,鈴木俊介
1775,1,つんく,つんく,楊慶豪
1776,1,つんく,つんく,平田祥一郎
1777,1,角田崇徳,角田崇徳,角田崇徳
1778,1,アベショー,大西克巳,大西克巳
1779,1,三浦徳子,山口寛雄,陶山隼
1780,1,末満健一,和田俊輔,和田俊輔
1781,1,末満健一,和田俊輔,和田俊輔
1782,1,末満健一,和田俊輔,和田俊輔
1783,1,坪田文,和田俊輔,和田俊輔
1784,1,坪田文,和田俊輔,和田俊輔
1785,1,坪田文,和田俊輔,和田俊輔
1786,1,坪田文,和田俊輔,和田俊輔
1787,1,坪田文,和田俊輔,和田俊輔
1788,1,つんく,つんく,平田祥一郎
1789,1,前川知大,たいせい,湯浅公一
1790,1,塩田泰造,たいせい,市川淳
1790,2,塩田泰造,たいせい,市川淳
1791,1,末満健一,和田俊輔,和田俊輔
1792,1,中島卓偉,中島卓偉,鈴木俊介
1793,1,児玉雨子,川辺ヒロシ、上田禎,CMJK
1794,1,つんく,つんく,鈴木俊介
1795,1,つんく,つんく,江上浩太郎
1796,1,つんく,つんく,板垣祐介
1797,1,つんく,つんく,SHIKI
1798,1,つんく,つんく,平田祥一郎
1799,1,つんく (Rap詞：U.M.E.D.Y.),つんく,AKIRA
1800,1,つんく,つんく,宮永治郎
2327,1,もりちよこ,小西貴雄,小西貴雄
1801,1,児玉雨子,加藤裕介,加藤裕介、A-bee
1801,2,児玉雨子,加藤裕介,加藤裕介、A-bee
1802,1,児玉雨子,村カワ基成,高橋諭一
1803,1,アベショー,アベショー,鈴木俊介
1803,2,アベショー,アベショー,鈴木俊介
1803,3,アベショー,アベショー,アカペラアレンジ：杉田篤史(INSPi)
1804,1,太田善也,和田俊輔,和田俊輔
1805,1,つんく,DANIEL MERLOT、AURELIEN POUDAT、HYON D、TAKANORI TSUNODA、STEFAN BRO,DANIEL MERLOT、AURELIEN POUDAT、HYON D、TAKANORI TSUNODA、STEFAN BRO
1806,1,SHOCK EYE,KOUGA supported by SHOCK EYE,soundbreakers
1806,2,SHOCK EYE,KOUGA supported by SHOCK EYE,soundbreakers
1807,1,中島卓偉,中島卓偉,鈴木Daichi秀行 (ストリングスアレンジ：クラッシャー木村)
1808,1,イイジマケン,イイジマケン,gaokalab
1808,2,イイジマケン,イイジマケン,gaokalab
1808,3,イイジマケン,イイジマケン,gaokalab
1809,1,三浦徳子,川辺ヒロシ、上田禎,CMJK
1810,1,つんく,つんく,江上浩太郎
1811,1,つんく,つんく,鈴木俊介
1812,1,青木久美子,高取ヒデアキ,大久保薫
1813,1,塩田泰造,市川淳,市川淳
1813,2,塩田泰造,市川淳,市川淳
1814,1,塩田泰造,市川淳,市川淳
1815,1,塩田泰造,市川淳,市川淳
1816,1,塩田泰造,市川淳,市川淳
1817,1,塩田泰造,市川淳,市川淳
1818,1,塩田泰造,市川淳,市川淳
1819,1,星部ショウ,星部ショウ,平田祥一郎
1820,1,中島卓偉,中島卓偉,大久保薫
1821,1,星部ショウ,masaaki asada,松井寛
1822,1,つんく,つんく,山崎淳
1823,1,中島卓偉,中島卓偉,中島卓偉、宮永治郎
1823,2,中島卓偉,中島卓偉,中島卓偉/宮永治郎
1824,1,星部ショウ,星部ショウ,土肥真生
1825,1,児玉雨子,星部ショウ,CMJK
1826,1,角田崇徳,KOJI oba,KOJI oba
1827,1,近藤薫,近藤薫,近藤薫、HASSE
1827,2,近藤薫,近藤薫,上杉洋史
1828,1,三浦徳子,星部ショウ,山田祐輔、平田祥一郎
1829,1,gridoor,星部ショウ,板垣祐介 (ブラスアレンジ：竹上良成)
1830,1,山本清,小林亜星,中村佳紀
1831,1,児玉雨子,加藤裕介,加藤裕介
1832,1,三浦徳子,安田信二,安田信二
1833,1,つんく,つんく,大久保薫
1834,1,つんく,つんく,鈴木俊介
1835,1,児玉雨子、三浦徳子,泰誠,浜田ピエール裕介
1836,1,星部ショウ,星部ショウ,菊谷知樹
1837,1,つんく,シャ乱Q,平田祥一郎
1837,2,つんく,シャ乱Q,平田祥一郎
1838,1,もりちよこ,KOUGA,CMJK
1839,1,塩田泰造,市川淳,市川淳
1840,1,岡田冨美子,東海林修,市川淳
1841,1,NOBE,KOJI oba,soundbreakers
1841,2,NOBE,KOJI oba,soundbreakers
1842,1,三浦徳子,星部ショウ,鈴木俊介
1843,1,児玉雨子,魚住有希,宮永治郎、魚住有希
1844,1,星部ショウ,宇宙慧,鴇沢直、関口Q太
1845,1,福田花音,泰誠,浜田ピエール裕介
1846,1,井筒日美,川辺ヒロシ、上田禎,久下真音
1847,1,THE☆FUNKS,THE☆FUNKS,DANCE☆MAN
1848,1,児玉雨子,星部ショウ,CMJK
1849,1,イイジマケン,炭竃智弘,浜田ピエール裕介
1850,1,角田崇徳,小泉尊史,小西貴雄
1851,1,児玉雨子,中島卓偉,鈴木俊介
1852,1,,中島卓偉,中島卓偉
1852,2,,中島卓偉,中島卓偉
1853,1,SHOCK EYE,SHOCK EYE、草野将史,草野将史
1854,1,三浦徳子,星部ショウ,鈴木俊介 (ブラスアレンジ：竹上良成)
1855,1,中村佳紀,中村佳紀,中村佳紀
1856,1,角田崇徳,Jean Luc Ponpon,Jean Luc Ponpon
1857,1,児玉雨子,YASUSHI WATANABE,YASUSHI WATANABE
1858,1,近藤薫,近藤薫,近藤薫、HASSE
1859,1,つんく,つんく,大久保薫
1859,2,つんく,つんく,前嶋康明
1860,1,つんく,つんく,平田祥一郎
1861,1,つんく (英訳詞：ALISA),つんく,平田祥一郎
1862,1,児玉雨子 (Rap詞：角田崇徳),Jean Luc Ponpon,Jean Luc Ponpon
1863,1,つんく,つんく,大久保薫
1864,1,つんく,つんく,平田祥一郎
1865,1,KAN,KAN,ダンス☆マン
1865,2,KAN,KAN,アカペラアレンジ：杉田篤史(INSPi)
1866,1,前山田健一,前山田健一,鈴木俊介
1866,2,星部ショウ,星部ショウ,アカペラアレンジ：杉田篤史(INSPi)
1867,1,星部ショウ,星部ショウ,平田祥一郎
1868,1,つんく,つんく,平田祥一郎
1869,1,三浦徳子,星部ショウ,菊谷知樹 (ブラスアレンジ：竹上良成)
1870,1,井筒日美,Yasushi Watanabe,Yasushi Watanabe
1871,1,三浦徳子,Kern Jerome (PD),加藤裕介
1872,1,三浦徳子,星部ショウ,平田祥一郎
1873,1,つんく,つんく,AKIRA
1874,1,角田崇徳,石井浩平,石井浩平
1874,2,角田崇徳,石井浩平,石井浩平
1875,1,児玉雨子,平田祥一郎,平田祥一郎
1875,2,児玉雨子,平田祥一郎,平田祥一郎
1876,1,Mari-Joe,星部ショウ,大久保薫
1877,1,つんく,つんく,平田祥一郎
1878,1,津野米咲,津野米咲,鈴木俊介 (ストリングスアレンジ：クラッシャー木村)
1878,2,津野米咲,津野米咲,鈴木俊介 (ストリングスアレンジ：クラッシャー木村)
1879,1,つんく,つんく,大久保薫
1880,1,つんく,つんく,大久保薫
1881,1,有馬三恵子,筒美京平,宮永治郎
1882,1,福田花音,和田俊輔,和田俊輔
1883,1,福田花音,和田俊輔,和田俊輔
1884,1,福田花音,和田俊輔,和田俊輔
1885,1,太田善也,和田俊輔,和田俊輔
1886,1,太田善也,和田俊輔,和田俊輔
1887,1,坪田文,和田俊輔,和田俊輔
1888,1,坪田文,和田俊輔,和田俊輔
1889,1,坪田文,和田俊輔,和田俊輔
1890,1,星部ショウ,星部ショウ,hasiejaneiro (ブラスアレンジ：竹上良成)
1890,2,星部ショウ,星部ショウ,アカペラアレンジ：杉田篤史(INSPi)
1891,1,イイジマケン,イイジマケン、炭竃智弘,gaokalab
1892,1,里乃塚玲央,小杉保夫,菊谷知樹 (ブラスアレンジ：竹上良成)
1893,1,つんく,つんく,大久保薫
1894,1,森高千里,斉藤英夫,Carlos K.
1895,1,津野米咲,津野米咲,西川進
1896,1,星部ショウ,諸星ハッピー,西川進
1897,1,中島卓偉,中島卓偉,鈴木俊介
1898,1,売野雅勇,芹澤廣明,平田祥一郎
1899,1,中島卓偉,中島卓偉,AKIRA
1900,1,児玉雨子,炭竃智弘,炭竃智弘
1901,1,近藤薫,近藤薫,浜田ピエール裕介
1902,1,つんく,つんく,江上浩太郎
1903,1,前山田健一,前山田健一,ダンス☆マン (ブラスアレンジ：川松久芳)
1904,1,福田花音,板垣祐介,板垣祐介
1905,1,太田善也,はたけ,はたけ&HEYSKE
1905,2,太田善也,はたけ,はたけ&HEYSKE
1906,1,太田善也,はたけ,はたけ&HEYSKE
1907,1,太田善也,はたけ,はたけ&HEYSKE
1908,1,太田善也,はたけ,はたけ&HEYSKE
1909,1,太田善也,はたけ,はたけ&HEYSKE
1910,1,太田善也,はたけ,はたけ&HEYSKE
1911,1,太田善也,はたけ,はたけ&HEYSKE
1912,1,太田善也,はたけ,はたけ&HEYSKE
1913,1,太田善也,はたけ,はたけ&HEYSKE
1914,1,大森靖子,大森靖子,大久保薫
1915,1,児玉雨子,星部ショウ,平田祥一郎
1916,1,つんく,つんく,平田祥一郎
1917,1,つんく,つんく,大久保薫
1918,1,星部ショウ,Jean Luc Ponpon、星部ショウ,Jean Luc Ponpon
1919,1,つんく,つんく,平田祥一郎
1920,1,三浦徳子,イイジマケン、炭竃智弘,浜田ピエール裕介
1921,1,福田花音,KOJI oba,KOJI oba
1922,1,中谷信行,中谷信行,中谷信行
1923,1,星部ショウ,星部ショウ,菊谷知樹
1924,1,津野米咲,津野米咲,宮永治郎
1925,1,NOBE,HaTo,鈴木俊介
1925,2,NOBE,HaTo,アカペラアレンジ：杉田篤史(INSPi)
1926,1,星部ショウ,星部ショウ,星部ショウ
1927,1,江本純子,SOUNDKIDS,岡出莉菜・遠藤浩二
1928,1,江本純子,SOUNDKIDS,岡出莉菜・遠藤浩二
1929,1,江本純子,SOUNDKIDS,岡出莉菜・遠藤浩二
1930,1,江本純子,SOUNDKIDS,岡出莉菜・遠藤浩二
1931,1,児玉雨子,魚住有希,菊谷知樹
1931,2,児玉雨子,魚住有希,菊谷知樹
1932,1,児玉雨子,星部ショウ,宮永治郎
1933,1,エリック・フクサキ、三浦徳子,エリック・フクサキ,平田祥一郎
1933,2,エリック・フクサキ、三浦徳子,エリック・フクサキ,平田祥一郎
1934,1,井筒日美,山田祐輔,宮永治郎
1935,1,つんく,つんく,大久保薫
1936,1,児玉雨子,加藤裕介,加藤裕介
1937,1,星部ショウ,Jean Luc Ponpon、星部ショウ,Jean Luc Ponpon
1938,1,つんく (Rapアレンジ：U.M.E.D.Y.),つんく,大久保薫
1938,2,つんく (Rapアレンジ：U.M.E.D.Y.),つんく,大久保薫
1938,3,つんく (Rapアレンジ：U.M.E.D.Y.),つんく,大久保薫
1939,1,秋元康,板垣祐介,板垣祐介
1940,1,新良エツ子/伴一彦,和田俊輔,和田俊輔
1941,1,新良エツ子/伴一彦,和田俊輔,和田俊輔
1942,1,新良エツ子/伴一彦,和田俊輔,和田俊輔
1943,1,新良エツ子/伴一彦,和田俊輔,和田俊輔
1944,1,新良エツ子/伴一彦,和田俊輔,和田俊輔
1945,1,つんく,つんく,鈴木俊介
1946,1,SHOCK EYE,SHOCK EYE,草野将史、soundbreakers
1947,1,つんく (Rapアレンジ：U.M.E.D.Y.),つんく,平田祥一郎
1948,1,児玉雨子,BLACC HOLE、NOBB-D,BLACC HOLE、NOBB-D with T
1949,1,三浦徳子,中村瑛彦,中村瑛彦
1950,1,つんく,つんく,藤澤慶昌
1951,1,塩田泰造,たいせい,市川淳
1951,2,塩田泰造,たいせい,
1952,1,太田善也,たいせい,たいせい
1953,1,川原万季,たいせい,たいせい
1955,1,太田善也,和田俊輔,稲垣大助/和田俊輔
1956,1,理姫,奥脇達也,板垣祐介
1957,1,つんく,つんく,大久保薫
1958,1,近藤薫,近藤薫,近藤薫、沢頭たかし
1958,2,近藤薫,近藤薫,近藤薫、沢頭たかし
1959,1,もりちよこ,吉田隆、渡部チェル,渡部チェル
1960,1,三浦徳子,Shifo,浜田ピエール裕介
1961,1,大滝裕一、角田崇徳,角田崇徳,角田崇徳
1962,1,星部ショウ,星部ショウ,宮永治郎
1962,2,星部ショウ,星部ショウ,宮永治郎
1963,1,星部ショウ,星部ショウ,菊谷知樹、星部ショウ
1963,2,星部ショウ,星部ショウ,菊谷知樹、星部ショウ
1964,1,児玉雨子,YUKO,大久保薫
1964,2,児玉雨子,YUKO,大久保薫
1965,1,イイジマケン,炭竃智弘,炭竃智弘
1966,1,近藤薫,近藤薫,近藤薫、沢頭たかし
1967,1,千家和也,渡辺岳夫,宮永治郎
1968,1,つんく,つんく,鈴木俊介
1969,1,児玉雨子,星部ショウ,星部ショウ
1970,1,星部ショウ,星部ショウ,鈴木俊介
1971,1,児玉雨子,加藤裕介,加藤裕介
1972,1,児玉雨子,加藤裕介,加藤裕介
1973,1,康珍化,芹澤廣明,菊谷知樹
1974,1,MITZ MANGROVE,MITZ MANGROVE,高橋諭一
1975,1,もりちよこ,ピエール (the swiss porno),ピエール (the swiss porno)
1976,1,桑原永江,佐藤晃,佐藤晃
1977,1,城太郎,星部ショウ,高橋諭一
1978,1,清水有生/太田善也,和田俊輔,和田俊輔
1979,1,清水有生/太田善也,和田俊輔,和田俊輔
1979,2,清水有生/太田善也,和田俊輔,和田俊輔
1980,1,清水有生/太田善也,和田俊輔,和田俊輔
1981,1,清水有生/太田善也,和田俊輔,和田俊輔
1981,2,清水有生/太田善也,和田俊輔,和田俊輔
1982,1,清水有生/太田善也,和田俊輔,和田俊輔
1982,2,清水有生/太田善也,和田俊輔,和田俊輔
1983,1,桑原永江,佐藤晃,佐藤晃
1984,1,中島卓偉,中島卓偉,ダンス☆マン
1985,1,津野米咲,津野米咲,平田祥一郎
1986,1,MEG.ME,KOUGA,KOUGA
1987,1,吉田隆,吉田隆,吉田隆、渡部チェル
1988,1,福田花音,ジンツチハシ,平田祥一郎
1989,1,星部ショウ,星部ショウ,AKIRA
1990,1,井筒日美,エリック・フクサキ,大久保薫
1991,1,新良エツ子/伴一彦,和田俊輔,和田俊輔
1992,1,新良エツ子/伴一彦,和田俊輔,和田俊輔
1993,1,新良エツ子/伴一彦,和田俊輔,和田俊輔
1994,1,新良エツ子/伴一彦,和田俊輔,和田俊輔
1995,1,新良エツ子/伴一彦,和田俊輔,和田俊輔
1996,1,新良エツ子/伴一彦,和田俊輔,和田俊輔
1997,1,新良エツ子/伴一彦,和田俊輔,和田俊輔
1998,1,新良エツ子,和田俊輔,和田俊輔
1999,1,,和田俊輔,和田俊輔
2000,1,,和田俊輔,和田俊輔
2001,1,,和田俊輔,和田俊輔
2002,1,,和田俊輔,和田俊輔
2003,1,,和田俊輔,和田俊輔
2004,1,,和田俊輔,和田俊輔
2005,1,,和田俊輔,和田俊輔
2006,1,,和田俊輔,和田俊輔
2007,1,,和田俊輔,和田俊輔
2008,1,,和田俊輔,和田俊輔
2009,1,,和田俊輔,和田俊輔
2010,1,,和田俊輔,和田俊輔
2011,1,,和田俊輔,和田俊輔
2012,1,新良エツ子、伴一彦,和田俊輔,和田俊輔
2013,1,つんく,つんく,平田祥一郎
2014,1,つんく,つんく,大久保薫
2015,1,児玉雨子,星部ショウ,Yocke
2016,1,つんく,つんく,平田祥一郎
2017,1,太田善也,和田俊輔,稲垣大助/和田俊輔
2018,1,太田善也,和田俊輔,原嘉宏
2019,1,太田善也,和田俊輔,稲垣大助/和田俊輔
2020,1,太田善也,和田俊輔,稲垣大助/和田俊輔
2021,1,太田善也,和田俊輔,稲垣大助
2022,1,児玉雨子,星部ショウ,加藤裕介/星部ショウ
2023,1,つんく,つんく,大久保薫
2024,1,つんく,つんく,平田祥一郎
2025,1,つんく,つんく,大久保薫
2025,2,つんく,つんく,大久保薫
2026,1,つんく,つんく,大久保薫
2027,1,つんく,つんく,平田祥一郎
2028,1,つんく,つんく,大久保薫
2029,1,つんく,つんく,鈴木俊介
2030,1,つんく,つんく,大久保薫
2031,1,角田崇徳,角田崇徳,上杉洋史
2032,1,児玉雨子,炭竃智弘,炭竃智弘
2033,1,亜伊林,星部ショウ,板垣祐介
2034,1,星部ショウ,星部ショウ,平田祥一郎
2034,2,星部ショウ,星部ショウ,鈴木俊介
2034,3,星部ショウ,星部ショウ,鈴木俊介
2035,1,桑原永江,渡部チェル,渡部チェル
2259,1,KAN,KAN,炭竃智弘
2260,1,山崎あおい,山崎あおい,鈴木俊介
2261,1,星部ショウ,星部ショウ,平田祥一郎
2262,1,児玉雨子,Shusui/Josef Melin,Josef Melin
2036,1,前山田健一,前山田健一,鈴木智貴
2037,1,つんく,つんく,平田祥一郎
2038,1,前山田健一,前山田健一,高橋諭一
2039,1,大森靖子,大森靖子,菊谷知樹
2040,1,つんく,つんく,板垣祐介
2041,1,サエキけんぞう,桜井鉄太郎,河野伸
2042,1,児玉雨子,大橋莉子,宮永治郎
2043,1,大森祥子,鈴木秋則,鈴木俊介
2044,1,星部ショウ,星部ショウ,浜田ピエール裕介
2045,1,井筒日美,横健介,浜田ピエール裕介
2046,1,イイジマケン,イイジマケン,イイジマケン/炭竃智弘
2047,1,つんく,つんく,平田祥一郎
2048,1,大森祥子,中村瑛彦,中村瑛彦
2049,1,児玉雨子,SEION¥ Tasco¥ Tenzo,Tasco¥ Tenzo
2050,1,山崎あおい,山崎あおい,平田祥一郎
2051,1,山崎あおい,山崎あおい,浜田ピエール裕介
2052,1,つんく,つんく,平田祥一郎
2053,1,つんく,つんく,大久保薫
2054,1,清水有生/太田善也,和田俊輔,和田俊輔
2055,1,KOUGA,KOUGA/中村佳紀,中村佳紀/KOUGA
2056,1,中谷信行,中谷信行,中谷信行
2057,1,福田花音,久次米真吾,鈴木俊介
2058,1,福田花音,古川貴浩,古川貴浩
2059,1,児玉雨子,Jean Luc Ponpon/星部ショウ/鈴木秋則,Jean Luc Ponpon
2060,1,御影真秀,御影真秀,上杉洋史
2061,1,山崎あおい,山崎あおい,michitomo
2061,2,山崎あおい,山崎あおい,michitomo
2062,1,An-Ayano,高野智恵美,高野智恵美
2064,1,つんく,つんく,江上浩太郎
2065,1,大橋莉子,大橋莉子,hisakuni
2066,1,児玉雨子,中島卓偉,炭竃智弘
2067,1,SHOCK EYE,SHOCK EYE/STAND ALONE,STAND ALONE
2068,1,児玉雨子,星部ショウ,大久保薫
2069,1,唐沢美帆,星部ショウ,松井寛
2070,1,井筒日美,星部ショウ,浜田ピエール裕介
2071,1,児玉雨子,ダンス☆マン,ダンス☆マン
2072,1,NOBE,星部ショウ,鈴木俊介
2073,1,児玉雨子,星部ショウ,高橋諭一
2074,1,井筒日美,中村瑛彦,中村瑛彦
2075,1,大橋莉子,大橋莉子,平田祥一郎
2076,1,つんく/Rapアレンジ：U.M.E.D.Y.,つんく,大久保薫
2077,1,及川眠子,星部ショウ,宮永治郎
2078,1,児玉雨子,石井健太郎,石井健太郎
2079,1,福田花音,KOUGA,KOUGA
2080,1,つんく,つんく,大久保薫
2080,2,つんく,つんく,大久保薫
2080,3,つんく,つんく,大久保薫
2080,4,つんく,つんく,大久保薫
2080,5,つんく,つんく,大久保薫
2080,6,つんく,つんく,大久保薫
2080,7,つんく,つんく,大久保薫
2081,1,つんく,つんく,平田祥一郎
2081,2,つんく,つんく,平田祥一郎
2082,1,小椋佳,小椋佳,上杉洋史
2083,1,前山田健一,前山田健一,平田祥一郎
2084,1,つんく,つんく,平田祥一郎
2085,1,つんく,つんく,大久保薫
2085,2,つんく,つんく,大久保薫
2086,1,大橋莉子,大橋莉子,高橋修平
2087,1,前山田健一,前山田健一,鈴木俊介
2088,1,児玉雨子,林田健司,鈴木俊介
2089,1,チーム飛松・児玉雨子,チーム飛松・白戸佑輔,鈴木俊介
2090,1,イイジマケン,n-buna,佐々木“コジロー”貴之
2091,1,児玉雨子,星部ショウ,板垣祐介
2092,1,井筒日美,KOUGA,KOUGA
2093,1,SHOCK EYE,SHOCK EYE,草野将史
2094,1,三浦徳子,近藤圭一,田中直
2095,1,山崎あおい,KOUGA,KOUGA
2096,1,中島卓偉,中島卓偉,浜田ピエール裕介
2097,1,三浦徳子,KOUGA,炭竃智弘
2098,1,児玉雨子,中島卓偉,炭竃智弘
2099,1,井筒日美,星部ショウ,荒幡亮平
2100,1,Alana Da Fonseca¥Jordan Yaeger,Alana Da Fonseca¥Jordan Yaeger,
2101,1,児玉雨子,加藤裕介,加藤裕介
2102,1,つんく,つんく,大久保薫
2103,1,つんく,つんく,平田祥一郎
2104,1,桑原永江,松浦雄太,松浦雄太
2105,1,児玉雨子,星部ショウ,平田祥一郎
2106,1,福田花音,星部ショウ,加藤裕介/星部ショウ
2106,2,福田花音,星部ショウ,加藤裕介/星部ショウ
2107,1,児玉雨子,星部ショウ,平田祥一郎
2108,1,MEG.ME,原田雄一,原田雄一
2109,1,星部ショウ,加藤裕介,加藤裕介
2110,1,星部ショウ,星部ショウ,大久保薫
2111,1,井筒日美,宮永治郎,宮永治郎
2112,1,つんく,つんく,江上浩太郎
2112,2,つんく,つんく,江上浩太郎
2113,1,児玉雨子,星部ショウ,平田祥一郎
2114,1,中島卓偉,中島卓偉,鈴木俊介
2115,1,前山田健一,前山田健一,鈴木俊介
2116,1,児玉雨子,KOUGA,KOUGA
2117,1,児玉雨子,中島卓偉,hisakuni
2118,1,太田善也,和田俊輔,岩永真奈
2119,1,太田善也,和田俊輔,岩永真奈
2120,1,太田善也,和田俊輔,岩永真奈
2121,1,太田善也,和田俊輔,岩永真奈
2122,1,山崎あおい,山崎あおい,鈴木俊介
2122,2,山崎あおい,山崎あおい,鈴木俊介
2123,1,児玉雨子,KOUGA,KOUGA
2124,1,つんく,つんく,大久保薫
2125,1,つんく/Rapアレンジ：Miss Monday,つんく,大久保薫
2125,2,つんく/Rapアレンジ：Miss Monday,つんく,大久保薫
2126,1,星部ショウ,星部ショウ,大久保薫
2127,1,野沢トオル,星部ショウ,星部ショウ
2128,1,Henri Belolo/Victor Edward Willis/日本語詞：児玉雨子,Jacques Morali,大久保薫
2129,1,大森靖子,大森靖子,大久保薫
2130,1,星部ショウ,星部ショウ,板垣祐介
2131,1,星部ショウ,星部ショウ,清水信之
2132,1,星部ショウ,星部ショウ,菊谷知樹
2133,1,山崎あおい,山崎あおい,大久保薫
2134,1,児玉雨子,中島卓偉,鈴木俊介
2134,2,児玉雨子,中島卓偉,鈴木俊介
2135,1,中村瑛彦,中村瑛彦,中村瑛彦
2136,1,児玉雨子,KOUGA,平田祥一郎
2137,1,星部ショウ,星部ショウ,菊谷知樹
2138,1,中島卓偉,中島卓偉,宮永治郎
2139,1,星部ショウ,星部ショウ,星部ショウ
2139,2,星部ショウ,星部ショウ,星部ショウ
2140,1,井筒日美,石井健太郎,石井健太郎
2141,1,星部ショウ,星部ショウ,菊谷知樹
2142,1,星部ショウ,corin.,corin.
2143,1,中島卓偉,中島卓偉,板垣祐介
2145,1,永井葉子,田仲圭太,SCRAMBLES
2146,1,井筒日美,KOUGA,KOUGA
2147,1,つんく,つんく,江上浩太郎
2148,1,福田花音,石井浩平,石井浩平
2149,1,shungo.,星部ショウ,鈴木俊介
2150,1,,加藤裕介,加藤裕介
2151,1,星部ショウ,星部ショウ,朝井泰生
2152,1,星部ショウ,星部ショウ,清水信之
2153,1,星部ショウ,星部ショウ,前嶋康明
2154,1,福田花音,大森靖子,浜田ピエール裕介
2155,1,前山田健一,前山田健一,前山田健一/徳田光希
2156,1,,星部ショウ,加藤裕介
2157,1,児玉雨子,星部ショウ,梅口敦史
2158,1,星部ショウ,星部ショウ,星部ショウ
2159,1,三浦徳子,星部ショウ,大久保薫
2160,1,星部ショウ,星部ショウ,鈴木俊介
2161,1,つんく,つんく,大久保薫
2162,1,福田花音,福田花音,浜田ピエール裕介
2163,1,中村千尋,中村千尋,CMJK
2164,1,西野蒟蒻,KOUGA,大久保薫
2165,1,児玉雨子,大橋莉子,平田祥一郎
2166,1,Lurie Jeannie Renee/Minichiello Mia Gabriella/Mora Matias Gabrie,Lurie Jeannie Renee/Minichiello Mia Gabriella/Mora Matias Gabrie,
2167,1,つんく,つんく,大久保薫
2168,1,児玉雨子,オオヤギヒロオ,平田祥一郎
2169,1,児玉雨子,オオヤギヒロオ,鈴木俊介
2170,1,SHiLL,馬飼野康二/鎌田俊哉,宮永治郎
2171,1,星部ショウ,星部ショウ,宮永治郎
2172,1,星部ショウ,星部ショウ,宮永治郎
2173,1,井筒日美,オオヤギヒロオ,オオヤギヒロオ
2174,1,児玉雨子,Shusui/Anders Dannvik/Kalle Persson,平田祥一郎
2175,1,SHOCK EYE,SHOCK EYE,草野将史
2176,1,Soflan Daichi,玉木千尋,玉木千尋
2177,1,中島卓偉,中島卓偉,板垣祐介
2178,1,ジンツチハシ,ジンツチハシ,ジンツチハシ
2179,1,太田善也,和田俊輔,的場英也
2180,1,太田善也,和田俊輔,岩永真奈
2181,1,太田善也,和田俊輔,岩永真奈
2182,1,太田善也,和田俊輔,岩永真奈
2183,1,太田善也,和田俊輔,岩永真奈
2185,1,児玉雨子,michitomo,佐々木侑太
2186,1,つんく,つんく,平田祥一郎
2187,1,つんく,つんく,大久保薫
2188,1,児玉雨子,星部ショウ,鈴木俊介
2189,1,Barry Blue/Paul Greedus/日本語詞：星部ショウ,Barry Blue/Paul Greedus,大久保薫
2190,1,児玉雨子,星部ショウ,星部ショウ
2191,1,星部ショウ/野沢トオル,星部ショウ,星部ショウ/ストリングスアレンジ：クラッシャー木村
2192,1,児玉雨子,星部ショウ,板垣祐介
2284,1,児玉雨子,星部ショウ,清水信之
2285,1,野沢トオル,中谷信行,中谷信行
2286,1,星部ショウ,松浦雄太,松浦雄太
2193,1,つんく,つんく,江上浩太郎
2194,1,つんく,つんく,大久保薫
2195,1,つんく,つんく,江上浩太郎
2196,1,つんく,つんく,平田祥一郎
2197,1,つんく,つんく,江上浩太郎
2198,1,つんく,つんく,平田祥一郎
2199,1,つんく,つんく,鈴木俊介
2200,1,つんく,つんく,大久保薫
2201,1,伊藤銀次,山下達郎,Anders Dannvik
2202,1,山崎あおい,KOUGA,KOUGA
2202,2,山崎あおい,KOUGA,KOUGA
2202,3,山崎あおい,KOUGA,KOUGA
2202,4,山崎あおい,KOUGA,KOUGA
2202,5,山崎あおい,KOUGA,KOUGA
2202,6,山崎あおい,KOUGA,KOUGA
2202,7,山崎あおい,KOUGA,KOUGA
2202,8,山崎あおい,KOUGA,KOUGA
2203,1,児玉雨子,中島卓偉,炭竃智弘
2204,1,井筒日美,隆勇人,鈴木俊介
2205,1,井筒日美,ArmySlick/小久保祐希,ArmySlick
2206,1,児玉雨子,石井健太郎,石井健太郎
2207,1,星部ショウ,酒井陽一,酒井陽一
2208,1,宮嶋淳子,山崎真吾,山崎真吾
2209,1,KAN,KAN,KAN
2210,1,根本要,根本要,鈴木俊介
2211,1,井筒日美,星部ショウ,平田祥一郎
2212,1,山崎あおい,山崎真吾,山崎真吾
2213,1,中島卓偉,中島卓偉,炭竃智弘
2214,1,大橋莉子,大橋莉子,高橋修平
2215,1,つんく,つんく,平田祥一郎
2216,1,福田花音,星部ショウ,浜田ピエール裕介
2217,1,井筒日美,KoTa/原田雄一,KoTa/原田雄一
2218,1,つんく,つんく,神谷礼
2219,1,Shusui/kimny/Ryo Ito,Shusui/kimny/Ryo Ito,宮永治郎
2220,1,山崎あおい,中島卓偉,炭竃智弘
2221,1,つんく,つんく,大久保薫
2222,1,児玉雨子,NA.ZU.NA/PRINCE Y.K,NA.ZU.NA
2223,1,中村瑛彦,中村瑛彦,中村瑛彦
2224,1,児玉雨子,星部ショウ,星部ショウ
2225,1,児玉雨子,星部ショウ,大久保薫
2226,1,山崎あおい,Shusui/Josef Melin,Josef Melin
2227,1,森由里子,馬飼野康二/鎌田俊哉,炭竃智弘
2228,1,児玉雨子,星部ショウ,大久保薫
2229,1,中島卓偉,中島卓偉,
2230,1,つんく,つんく,平田祥一郎
2231,1,つんく,つんく,大久保薫
2232,1,児玉雨子,Erik Lidbom/miwaflower,Erik Lidbom
2233,1,竹内まりや,竹内まりや,Anders Dannvik
2234,1,イイジマケン,Shusui/Shim Zeyun/tsubomi,鈴木俊介
2235,1,大森祥子,Shusui/Josef Melin,Josef Melin
2236,1,太田善也,遠藤浩二,岡出莉菜
2263,1,星部ショウ,FREDERIC FRANCOIS CHOPIN,加藤裕介/星部ショウ
2264,1,児玉雨子,星部ショウ,星部ショウ
2265,1,山崎あおい,Erik Lidbom/Julie Yu/Andreas Carlsson,Erik Lidbom
2266,1,徳田光希,徳田光希,平田祥一郎
2267,1,オオヤギヒロオ/井筒日美,オオヤギヒロオ,浜田ピエール裕介
2268,1,唐沢美帆,松井寛,松井寛
2269,1,井筒日美,Shusui/Andreas Ohrn/Henrik Smith,Henrik Smith
2270,1,Shusui/Zeyun/tsubomi,Shusui/Zeyun/tsubomi,Zeyun
2271,1,児玉雨子,炭竃智弘,炭竃智弘
2272,1,井筒日美,エリック・フクサキ,大久保薫
2273,1,山崎あおい,山崎あおい,田中直
2274,1,堂島孝平,堂島孝平,鈴木俊介
2275,1,つんく,つんく,大久保薫
2276,1,つんく,つんく,鈴木俊介
2277,1,児玉雨子,中島卓偉,炭竃智弘
2278,1,山崎あおい,Shusui/Josef Melin,Josef Melin
2279,1,星部ショウ,星部ショウ,大久保薫
2280,1,星部ショウ,星部ショウ,鈴木俊介
2281,1,星部ショウ,星部ショウ,炭竃智弘/星部ショウ
2282,1,児玉雨子,Shusui/ha-j,ha-j
2283,1,西寺郷太,西寺郷太/大樋祐大,大樋祐大/小林洋介/西寺郷太
2287,1,児玉雨子,前山田健一,ダンス☆マン
2288,1,星部ショウ,星部ショウ,平田祥一郎
2289,1,星部ショウ,星部ショウ,板垣祐介
2290,1,ヒロキ(リリィ、さよなら。)/山崎あおい,ヒロキ(リリィ、さよなら。)/山崎あおい,山崎あおい
2291,1,野沢トオル,星部ショウ,田中直
2292,1,星部ショウ,星部ショウ,星部ショウ
2293,1,児玉雨子,星部ショウ,星部ショウ
2294,1,星部ショウ,星部ショウ,大久保薫
2295,1,星部ショウ,星部ショウ,加藤裕介
2296,1,中島卓偉,中島卓偉,鈴木俊介
2297,1,星部ショウ,Shusui/Josef Melin,Josef Melin
2298,1,大森祥子,徳田光希,徳田光希
2299,1,山崎あおい,Johan Alkenas/Joacim Persson/Lisa Desmond,Joacim Persson/Johan Alkenas
2300,1,YUZURU KUSUGO・柴山慧,YUZURU KUSUGO・柴山慧,YUZURU KUSUGO・柴山慧
2301,1,星部ショウ,星部ショウ,大久保薫
2302,1,岩里祐穂,渡辺泰司,渡辺泰司
2303,1,児玉雨子,早川響介,鈴木俊介
2304,1,毛利亘宏,和田俊輔,文愛実
2305,1,毛利亘宏,和田俊輔,文愛実
2306,1,毛利亘宏,和田俊輔,文愛実
2307,1,毛利亘宏,和田俊輔,文愛実
2308,1,つんく,つんく,平田祥一郎
2309,1,つんく,つんく,大久保薫
2328,1,西野蒟蒻,Shusui/Albin Hillborg/Anders Dannvik,Shusui/Albin Hillborg/Anders Dannvik
2329,1,児玉雨子,KOUGA,鈴木俊介
2330,1,中島卓偉,中島卓偉,宮永治郎
2331,1,イイジマケン,イイジマケン,炭竃智弘
2332,1,中島卓偉,中島卓偉,近藤圭一
2333,1,児玉雨子,大橋莉子,平田祥一郎
2334,1,徳田光希,徳田光希,徳田光希
2335,1,山崎あおい,山崎あおい,山崎あおい
2336,1,児玉雨子,Simon Janlov/MLC/Lisa Desmond,Simon Janlov
2337,1,星部ショウ,Shusui/Josef Melin,Josef Melin
2338,1,イイジマケン,イイジマケン/炭竃智弘,炭竃智弘
2339,1,児玉雨子,星部ショウ,星部ショウ
2340,1,児玉雨子,星部ショウ,加藤裕介
2341,1,西野蒟蒻,平田祥一郎,平田祥一郎
2341,2,西野蒟蒻,平田祥一郎,平田祥一郎
2342,1,つんく,つんく,平田祥一郎
2342,2,つんく,つんく,平田祥一郎
2343,1,堂島孝平,堂島孝平,炭竃智弘
2344,1,山崎あおい,山崎あおい,鈴木俊介
2345,1,吉田美奈子,山下達郎,Aksel Odenbalk
2346,1,広瀬香美,広瀬香美,炭竃智弘
2347,1,星部ショウ,星部ショウ,大久保薫
2348,1,児玉雨子,ANDW,中村瑛彦
2349,1,児玉雨子,星部ショウ,板垣祐介
2350,1,つんく,つんく,大久保薫
2351,1,つんく,つんく,大久保薫
2352,1,つんく,つんく,平田祥一郎
2353,1,山崎あおい,Shusui/Samuel Waermo/Stefan Ekstedt,Stefan Ekstedt
2354,1,児玉雨子,板垣祐介,板垣祐介
2355,1,西野蒟蒻,Erik Lidbom/Julie Yu,Erik Lidbom
